5	bladed
5	blade
5	bladr
5	blades
6	neony
7	cociane
7	cocainehcl
7	cocane
7	coccaine
7	cocaines
7	cocaime
7	cocaince
7	cocains
7	cocain
7	cocaine
8	mercury
8	mercery
8	merury
8	mercurcy
8	mercuy
8	mercurous
8	merucry
8	mercurian
8	mercuric
8	murcury
8	merciry
8	mercurys
8	mercuries
9	lotion
9	lotions
11	cafeinne
11	caffeeine
11	caffaine
11	caffeinated
11	caffene
11	caffeinates
11	caffeineless
11	caffinee
11	caffeinate
11	caffeien
11	caffeine
11	coffein
11	caffieine
11	caffeene
11	ceffeine
11	caffeiene
11	caffeined
11	caffein
11	coffeine
11	cafffine
11	cafffeine
11	caffeinie
11	caffienne
11	caffien
11	cafffiene
11	caffiene
11	caffeinne
11	caffine
11	caffeineCand
11	caffience
11	caffenine
11	cafeine
11	caffeineated
12	aluminiun
12	aluminium
12	alumnum
12	aluminous
12	aluminiums
12	aluiminum
12	alumninum
12	alumunium
12	aluminums
12	aluminim
12	aluminide
12	aluminimum
12	alumin
12	aluninum
12	aliminium
12	alumnium
12	aliminum
12	aluminate
12	alumina
12	aluminuim
12	alumino
12	aluminmum
12	aluminun
12	aluminum
12	alumininum
12	alumimum
12	alumimium
14	fiberop
14	fibre
14	fiber
14	fibers
14	fiberx
14	fibery
14	fibr
14	fibetv
14	fibe
14	fober
16	heroe
16	heroize
16	heroinC
16	hero
16	heros
16	heroing
16	haroin
16	heroins
16	heroi
16	heroim
16	heroism
16	heroin
16	heroines
16	herojn
16	heroes
16	herion
16	heroics
16	heroine
16	heroic
16	heroiin
17	matrix
17	matrixy
17	matrx
17	matirx
17	mateix
17	matrixs
17	matrixes
18	orangejuice
19	charcoals
19	charcole
19	charcoaling
19	charcoal
19	charocal
19	charchol
19	charcaol
19	charchoal
19	charcoil
19	charcol
19	chargoal
21	latex
21	latexy
22	titantium
22	titainium
22	titainum
22	titanium
22	titianum
22	titianium
22	titanuim
22	titatium
22	titatnium
22	titaium
25	viag
25	viagras
25	viagara
25	viagra
25	viaga
25	viagria
25	viarga
25	biagra
25	v1agra
26	alli
26	allie
27	addderal
27	addeall
27	addheral
27	adderral
27	addrall
27	adderal
27	addreall
27	adderell
27	adderrol
27	adddrall
27	addrerall
27	addrrall
27	addreal
27	addedall
27	addderall
27	adderll
27	addarall
27	inderall
27	aderrall
27	adderall
27	adderallC
27	adderhal
27	adderally
27	adderals
27	adderalls
27	inderal
27	adderalling
27	adderrall
27	adderale
27	adderol
27	adderalll
27	adderoll
27	adderallxr
27	aderral
31	coconutty
31	coconut
31	coconutmilk
31	coconutoil
31	coconuty
34	crest
34	crests
35	applejuice
36	capaules
36	capsul
36	capusles
36	capsel
36	capsles
36	capsugel
36	capsulize
36	capsuling
36	capsuline
36	capsuls
36	capsuals
36	capules
36	capsule
36	capsuled
36	capsuels
36	capsoles
36	capsulcn
36	capsules
36	capusle
36	capsole
36	capsulecn
36	capsulate
36	capsual
38	lithium
38	litium
38	lithim
38	litihium
38	lithiom
38	lithion
38	lythium
38	lithiumion
38	lithiums
38	lithoum
38	lithiun
38	lithum
38	lithuim
38	litihum
38	nitrium
39	francium
39	uranum
39	hafniums
39	hafnium
39	urnaium
39	uranium
39	uraniun
39	myanium
39	uraniums
39	uranium235
39	uranis
39	urinium
39	uranium238
39	uranimum
39	uranim
39	uraninum
39	oranisms
39	uraniam
39	uranite
39	urainum
39	uranuim
39	cadnium
39	urainium
40	colesterol
40	chloesterol
40	cholestorol
40	cholesterols
40	cholesterine
40	choelsterol
40	cholestanol
40	choleserol
40	cholesterole
40	cholesteol
40	choleterol
40	cholestreol
40	cholesterin
40	cholestorl
40	cholesterolemic
40	cholesterolemia
40	choloesterol
40	cholestero
40	cholesterolC
40	cholester
40	lathosterol
40	chloresterol
40	campesterol
40	chelesterol
40	cholosterol
40	cholestral
40	colestherol
40	cholesterolCand
40	cholestol
40	cholestoff
40	choloestrol
40	maltesters
40	cholesteral
40	phytosterol
40	colesteral
40	cholestoral
40	cholesterolcode
40	cholestrol
40	cholersterol
40	choleseterol
40	cholestrerol
40	chokesterol
40	cholsterol
40	cholesterol
40	phytosterols
40	choesterol
41	oliveoil
42	codiene
42	codinex
42	codeina
42	codeine
42	codines
42	codene
42	codine
42	coedine
42	codeiene
42	codein
42	codeines
43	advil
43	advils
43	advill
43	adviar
44	xananx
44	xanx
44	zanax
44	xanax
44	xannax
44	xenax
44	xannx
44	xanyx
44	xanan
44	xanaxs
44	canax
44	xanex
44	xanaxx
44	xansx
44	xanaz
44	xanac
44	xanaxes
44	xanxs
44	xaxax
46	chelosterol
46	testosteronic
46	testocerone
46	testosterones
46	tostesterone
46	testesteron
46	testosterine
46	progesterone
46	testosteroney
46	testsoterone
46	testosteron
46	testosternone
46	testosteroned
46	testisterone
46	protesterone
46	progesterones
46	teatosterone
46	testorterone
46	testestorone
46	testtosterone
46	testostorne
46	thestosterone
46	testosteronized
46	estosterone
46	testosrone
46	turkesterone
46	testosterrone
46	testosterons
46	testoseterone
46	testosteroneC
46	projesterone
46	neurosteroid
46	testonsterone
46	tesotsterone
46	testosterome
46	testasteron
46	testestrone
46	tesrosterone
46	testostone
46	testoster
46	testostetone
46	testostero
46	methasterone
46	progrsterone
46	preposterone
46	testosterone23
46	testasterone
46	testostorone
46	testastrone
46	testostherone
46	testosteorne
46	testorerone
46	testosterne
46	testosterene
46	testosteroine
46	testoteron
46	testoaterone
46	testosterona
46	testoterone
46	testosterone
46	testosteronal
46	teststerone
46	testonerone
46	testorsterone
46	tetosterone
46	testesterone
46	testoserone
46	testsosterone
46	tesosterone
46	testosteone
46	testostoron
46	testosterony
46	testostrone
46	ketosteroids
46	testostereone
46	androsterone
47	hygrogen
47	hudrogen
47	hidrogen
47	hydrgoen
47	hyrdogen
47	hydrodgen
47	hydrgen
47	hydorgen
47	hydogen
47	hydroden
47	hydrogen
47	hydrogren
48	tandemed
48	tandum
48	tandeming
48	tandems
48	tandom
48	tandem
48	tandoms
48	landie
48	tandumb
50	elixor
50	elixerz
50	elixirs
50	elixier
50	elixers
50	elixirz
50	elixar
50	elixrz
50	elixer
50	elixir
50	elixrs
50	elixr
52	cobolt
52	cobaltite
52	cobalt
52	cobalts
53	wortex
53	vortexy
53	vortexs
53	vortext
53	vortexes
53	vortex
54	laktos
54	laktose
54	lactase
54	lacotose
54	lacotse
54	lactose
54	loctose
54	lactore
54	lacktose
54	lastose
54	lactosis
54	lacose
54	lactoses
54	lactol
54	lactoce
56	nicotinell
56	nioctine
56	nicatine
56	niccotine
56	nikotine
56	nicotined
56	nictoine
56	nicotex
56	nicotiney
56	nicotine
56	nicotineCand
56	nicoteen
56	nicotines
56	nicottine
56	nictione
56	nicoine
56	nikotin
56	nitotine
56	njcotine
56	nicotne
56	nicotrel
56	nicolite
56	nicotene
56	nicoting
56	pixotine
56	nicontine
56	nicotice
56	nicotone
56	nicitine
56	nicoti
56	nicotiene
56	nicotine72mg
56	nicotinated
56	nicotineless
56	nictotine
56	nictine
56	dictrine
56	nocotine
56	nicotinne
56	nicotein
56	nicotien
56	nicoteine
56	nicotin
58	sodium
58	sodiumC
58	sodiums
58	sodum
58	soduim
59	terrel
59	worrell
59	burrell
59	serpell
59	morrelo
59	jarrell
59	darrel
59	terrils
59	jurrell
59	farrel
59	ferrell
59	ferrels
59	farrell
59	terrill
59	farrely
59	terrelle
59	terell
59	harrell
59	kerrell
59	farrels
59	dirrell
59	verrett
59	harrel
59	terrie
59	carrell
59	derreck
59	carrel
59	ferrall
59	terril
59	garrels
59	pernell
59	terelle
59	jerrell
59	darrels
59	kernell
59	worrel
59	ferree
59	ferrel
59	darrells
59	terrills
59	sherelle
59	derrek
59	carrells
59	ferrells
59	farrellys
59	derrell
59	werrens
59	jerremy
59	jerret
59	farrelly
59	jerred
59	jerrel
59	farrells
59	terrell
59	perrett
59	burrel
59	darrell
61	vaseine
61	vaseline
61	vasoline
61	vasolin
61	vasline
61	vaseliney
61	vasceline
61	vaselline
61	vasseline
61	vasalined
61	vaselin
61	vaselene
61	vaselined
61	vasaline
61	vasiline
63	tylenal
63	tylinol
63	tyleonol
63	tylnol
63	tylenol3
63	tylenols
63	tylanol
63	tylenon
63	silenor
63	tylenol3s
63	tylynol
63	tylneol
63	tyleno
63	tylenol
63	tylennol
63	tylonol
63	tynenol
63	tyelnol
64	calsium
64	clacium
64	caclium
64	calicum
64	calcum
64	calcium
64	calicium
64	calium
64	calciums
64	calcuim
65	palladium
65	paladium
67	bayer
67	bayers
68	ascott
68	ascots
69	chlorene
69	chlorides
69	chlorinated
69	chlormine
69	chlorinate
69	cholrine
69	chlorinates
69	chlroine
69	chlorimine
69	chloride
69	chlorines
69	chorline
69	chloring
69	chlorine
70	ibuprofine
70	iburpofen
70	ibuprpfen
70	ibeprofen
70	ibupofen
70	ibuproen
70	ibuprofins
70	ubuprofen
70	ibuprophens
70	ibuprofrin
70	ibeuprofen
70	iboprufen
70	ibproufen
70	ibprofens
70	ibuprofen
70	ibuprophene
70	ibuporfen
70	ibuprofan
70	ibupropen
70	ibuprof
70	iburofen
70	ibuprofens
70	ibuprofun
70	iduprofen
70	ibuprofenum
70	ibupro
70	ibouprofen
70	carprofen
70	ibuprofren
70	ibuprofene
70	inbuprofen
70	ibuprfen
70	ibupofren
70	ibiprofen
70	inuprofen
70	ibprofren
70	ibuprofeno
70	ibprofein
70	iboprofen
70	ibuprofe
70	ibuprufen
70	iburprofen
70	ibeprofun
70	ibuporofen
70	ipubrofen
70	ipuprofen
70	ibuprophen
70	ibprofuen
70	ibuprogen
70	ibeprofin
70	vetprofen
70	buprofen
70	ibrupofen
70	ibprofen
70	ibuprofein
70	ibuproffen
70	ibueprofen
70	ibuprofin
70	ibruprofen
70	ibuprofien
70	ibubrofen
70	ibuorofen
70	ibuoprofen
70	ibuprohen
76	morpheine
76	morhphine
76	norphine
76	moriphine
76	morphones
76	morphene
76	morophine
76	morohine
76	moprhine
76	morphime
76	morpine
76	morphne
76	morphien
76	morphein
76	morphiene
76	morhine
76	morphinan
76	morphine
76	morphinian
76	morphium
76	morphone
76	morphinr
76	morhpine
76	morphines
76	morphinans
77	bropane
77	propane
77	propain
77	propaine
77	propare
77	propanes
77	propage
77	proprane
78	benadryls
78	bendreyl
78	benydryll
78	benadyrl
78	benadrill
78	beandryl
78	benadry
78	bynadryl
78	benadryle
78	banadryl
78	benadryll
78	benedryls
78	bendryll
78	benedrly
78	benadril
78	benodryl
78	benidryl
78	benandryl
78	bendaryl
78	bennadryl
78	benedrylls
78	benydral
78	bendryl
78	benidril
78	benedryle
78	benedry
78	benydril
78	benedryll
78	benedryl
78	benedryal
78	benadryl
78	benydryl
78	benedril
78	benedrayl
78	benadrul
78	benadrly
78	benadyl
78	bendadryl
78	benadrylls
78	benydrl
80	tabloidish
80	tabloid
80	tabloidism
80	taboid
80	tabloids
80	tabliod
80	tabloidy
81	agars
81	agar
82	gluose
82	gluco
82	glucos
82	glucouse
82	glucola
82	glucosis
82	glucogel
82	glucogen
82	glycose
82	gluconeo
82	glukose
82	glukos
82	glucoses
82	gluscose
82	glutose
82	gluocse
82	glucuse
82	gluclose
82	glicose
82	glocose
82	glucose
83	saratonin
83	ceratonin
83	seratonine
83	seratonin
83	seratonic
83	seratonins
83	melotonin
83	melatonins
83	melatonan
83	meatonin
83	melantonin
83	melatonon
83	melatoning
83	melatonine
83	melatonin
83	meltonin
83	melatnonin
83	mealtonin
83	melatonen
83	melanotin
83	melation
83	metatonin
83	melationin
83	melatinin
83	meltaonin
83	meletonin
83	melotonine
83	melitonin
83	melaton
83	meltatonin
84	follate
84	collegan
84	callogen
84	collogen
84	collagen
84	collagenous
84	collagin
84	collagenase
84	collagens
84	kollagen
84	collagenic
84	colligen
84	collageny
84	collagenases
84	colagen
84	collegen
85	asparin
85	aspiriin
85	aspirine
85	asiprin
85	aspririn
85	aspiran
85	apsirin
85	aspirins
85	asprins
85	masprin
85	asperin
85	asperine
85	asprin
85	basprin
85	aspirn
85	asprine
85	aspirin
89	magensium
89	agnesium
89	magenesium
89	magnesiumoil
89	magnesim
89	magnesiums
89	magnsium
89	magmesium
89	magnisum
89	magniseum
89	magneesium
89	magnessium
89	manesium
89	mangnesium
89	magnesuim
89	magneium
89	magnesiumC
89	megnesium
89	magnezium
89	magneisum
89	magnesum
89	magneseum
89	mangesium
89	magesium
89	magnisium
89	magnese
89	magnesium
89	magnesiun
89	magneisium
89	magniesium
92	propeled
92	propel
92	proppel
92	propell
92	propelers
92	propelled
92	propeling
92	propels
92	propeler
92	propeller
92	propellar
92	propelant
92	propellor
92	propells
93	ntirogen
93	nitogen
93	nitrogen
93	nitrogren
94	patassium
94	postassium
94	potassiom
94	potassion
94	potasium
94	potassiun
94	potassium
94	potassuim
94	potassum
94	potassiums
94	pottasium
94	porassium
94	pottassium
94	potasssium
96	seasalt
97	sheabutter
100	reconsider
100	reconcile
100	reconciling
100	recognize
100	reconciled
100	reconcilable
100	recongise
100	recognise
100	reconciles
101	cyinide
101	cynaide
101	cyanides
101	cyanide
101	cyandide
101	cyanid
101	cyande
101	cyani
101	cyonide
102	opiums
106	ethenol
106	ethnaol
106	ethanols
106	ethanoate
106	ehtanol
106	ethonol
106	ethane
106	ethanol
106	ethanoic
106	ethanal
106	butanol
106	octanol
106	ethynol
108	enemas
108	enama
108	emema
108	enemaed
108	enemad
108	enema
108	eneman
108	enima
111	palmoil
112	bucko
112	guck
112	cuck
112	gucky
112	tucka
112	ducka
112	tucks
112	rucky
112	fuckz
112	juck
112	fuckt
112	fucks
112	yuckk
112	fuckn
112	fucko
112	fuckm
112	fuckk
112	fucki
112	fuckf
112	fuckg
112	fuckd
112	fucke
112	fucka
112	suckas
112	tucked
112	suckes
112	duckos
112	lucky
112	cucka
112	fuckes
112	ruckas
112	cuckas
112	lucka
112	cucky
112	suck
112	fuckas
112	cucks
112	vuck
112	tuckie
112	suckz
112	gucke
112	tuck
112	tuckin
112	fuckos
112	suckt
112	sucks
112	suckn
112	sucky
112	buckos
112	mucka
112	sucke
112	suckd
112	sucka
112	luck
114	vlanderen
114	flanders
114	flander
115	mouthwashed
115	mouthwater
115	mouthwashy
115	mothwash
115	mouthwashes
115	moutwash
115	mouthwaste
115	mouthwashing
115	mouthwas
115	mouthwash
116	triads
116	triadic
116	triad
117	licorise
117	licorice
117	liqorice
117	licorce
117	licorices
117	licorace
117	licourice
117	licoricey
118	linament
118	linaments
118	ointmenty
118	ointments
118	liniment
118	oinments
118	ointmet
118	oinment
118	linement
118	liniments
118	ointment
119	carbonmonoxide
120	docu
120	doco
120	docus
123	carbondioxide
127	fentany
127	fentinal
127	fentinol
127	fentantyl
127	fenatnyl
127	fenantyl
127	fentenyl
127	fentaynl
127	fentinil
127	fentnyl
127	fentnanyl
127	fantanyl
127	fentanil
127	fentanol
127	fentynyl
127	fentenol
127	fentanyl
127	fentonyl
127	instanyl
127	fentanayl
127	fentinyl
127	fentynal
127	fentynl
127	fentanly
127	fentenal
127	fenanyl
127	fentanyls
127	fentalyl
127	fenyanyl
127	fentalyn
127	fentanyly
127	fentayl
127	fentanoyl
127	fentalog
127	fentnayl
127	fentenayl
127	fentan
127	fentanyal
127	fentanal
127	fentenyal
127	fentantl
127	fentynol
129	listorene
129	lysterine
129	listrine
129	listerne
129	listorine
129	listenine
129	listermint
129	listerine
129	listerene
129	listernine
134	sulpur
134	sulfured
134	sulfer
134	sulfuric
134	sulfery
134	sulfury
134	sulfurous
134	sulfurs
134	sulfur
134	sulfure
135	dopaine
135	monamines
135	doapmine
135	dopmaine
135	domamine
135	dopaminic
135	dopamine
135	dooamine
135	dophamine
135	dopaminergic
135	monamine
135	dopimine
135	dopamone
135	dopaminegic
135	dopanime
135	dopamineric
135	d0pamine
135	dopamene
135	dopameen
135	dopamineC
135	dopamean
135	dopamime
135	dopemin
135	dopanine
135	dopemine
135	dopamines
135	dopamaine
135	dopamie
135	nopamine
135	dopeamine
135	dopamien
135	dopamin
135	dopomine
135	dopmine
136	kerosense
136	kerosene
136	kerosine
138	valum
138	vallume
138	valume
138	valuim
138	valiums
138	valiun
138	valium
139	arsenicals
139	arsonic
139	arsinic
139	arsenical
139	arcenic
139	arsnic
139	arscenic
139	arsenite
139	arsenic
139	arsenides
139	arsenicC
139	aresnic
140	sterotonin
140	seritonan
140	serotine
140	setotonin
140	serotoninic
140	serotinin
140	serototin
140	serotongenic
140	seritonine
140	seretonine
140	serotonigenic
140	aerotoxic
140	serotonine
140	serotoning
140	serontonin
140	sarotonin
140	seretonin
140	seritonin
140	serotonins
140	serotonegic
140	sorotonin
140	serortonin
140	nerotoxic
140	serotionin
140	serotin
140	serotoin
140	saritonin
140	seotonin
140	serotonin
140	serotonerg
140	serotonon
140	serotoinin
140	serotinine
140	serotonic
140	sertonin
140	seroronin
140	serrotonin
140	nicotonic
140	serotonines
140	serotnin
140	seritoin
140	seratoin
141	joggin
141	noggen
141	noggins
141	noggs
141	foggin
141	niggin
141	noggin
141	nogging
141	nogin
141	nogga
142	selinium
142	selenium
144	vicadine
144	vicoden
144	vocodin
144	vicadins
144	vicotin
144	vidodin
144	vicadin
144	vicodens
144	dicodin
144	vikodin
144	vicodins
144	vicidin
144	vicodans
144	viccodin
144	vicodin
144	vicodine
144	vicodan
144	vicodon
147	septry
147	septon
147	septas
147	septs
151	efrin
157	menthal
157	menthe
157	mentholish
157	menthol
157	mentol
157	menthals
157	sinthol
157	mentholly
157	menthes
157	mentols
157	mentholy
157	menth
157	menthols
157	mentholoid
158	bitamins
158	vitamint
158	vitamints
158	vitamins
158	vitaminb12
158	vitaminic
158	vitamain
158	vitamines
158	vitamin
158	vitamink
158	vitaming
158	vitamind
158	vitamine
158	vitamind3
158	vitaminc
158	vitamina
158	vitaminb
158	vitaminy
158	vatamins
158	vitamnin
158	vitamineral
158	vitaments
158	bvitamins
158	vitimin
158	vitami
158	vitamn
158	thiamine
158	vitmamin
158	vitamjn
158	vitsmins
158	bvitamin
158	vitemin
158	viitamin
158	thiamin
158	vitamens
158	viramin
158	vitamic
158	vitamania
158	viatmin
158	vitatmin
158	vitiamin
158	vitamim
158	vitamis
158	viatamin
158	vitaimin
158	vitamans
158	vitamims
158	viatmins
158	vitaman
158	vitaminphd
158	vitamen
158	vitimine
158	vitanin
158	vitamon
158	vitiamins
158	vatamin
158	vitimins
158	vitamns
158	theamine
158	thyamine
160	ammmonia
160	ammomia
160	ammona
160	amonnia
160	ammonium
160	ammonias
160	ammoina
160	ammonia
160	ammonical
161	tena
161	tenas
169	everyong
169	eveyone
169	everones
169	evryone
169	veryone
169	eeryone
169	everyonw
169	everyonez
169	everione
169	everyonr
169	everyons
169	everyones
169	overyone
169	everyne
169	eveyones
169	eveyrone
169	evern
169	averyone
169	everone
169	everyo
169	wveryone
169	evryones
169	eversone
169	everoyne
169	everyoen
169	everyoe
169	everyon
170	panacod
170	panadols
170	tamadol
170	panado
170	panadol
170	panodol
173	ketamine
173	ketamines
173	ketamin
173	ketamime
173	ketomine
173	ketemine
173	ketimine
173	ketmine
173	ketmaine
173	katamine
178	glutathione
178	glutathion
178	glutathiones
178	gluthathione
178	pentathiol
178	glutithione
178	glutothione
178	gluathione
178	glutatione
178	gluthatione
180	sodiun
180	iodium
180	iodine
180	iodic
180	iodize
180	iodized
180	iodides
180	iodines
180	iodone
180	iodise
180	iodide
180	iodised
180	iodine131
180	iodione
182	peniscillin
182	penicillum
182	penacillin
182	penicillin
182	pencillin
182	penicilins
182	penecillium
182	penecillan
182	penicilium
182	penicillian
182	peniciline
182	penicillinase
182	pencillium
182	pinicillin
182	penicillium
182	penicillamine
182	pennicilin
182	penisillin
182	penecillin
182	meticillin
182	penicillinases
182	penicilin
182	penicilling
182	penicilline
182	ampicilin
182	penicillan
182	penicillen
182	penecilin
182	penicillins
188	purrel
188	purelle
188	purelled
188	purell
188	purel
194	metgadone
194	methaonde
194	merhadone
194	methandone
194	methadonian
194	methaodne
194	metahdone
194	methafone
194	nethadone
194	methedone
194	metadone
194	methadones
194	metadon
194	methadon
194	methdone
194	fentadope
194	methadose
194	methadine
194	methadonians
194	methodone
194	methaone
194	methadonia
194	methadone
199	chloroprep
199	chlorofrom
199	chlorofoam
199	chloroform
199	choroform
199	chloroforming
199	cholorform
199	fluoroform
199	chroloform
199	chlorofo
199	choloroform
199	chloraform
199	chlorophorm
199	chlorform
199	chlorof
199	cloroform
199	chloroforms
199	chloroformed
199	chloroformate
201	vitaminosis
201	thiaminase
201	vitaminsCand
207	limejuice
213	ritolin
213	ritlain
213	ritalyn
213	cital
213	ritailin
213	retalin
213	ritalin
213	ritali
213	ritaln
213	ritialin
213	ritilin
213	ritalina
213	ritaline
213	ritaling
213	rital
213	ritlin
213	riatlin
213	ritalins
213	rittalin
213	ritalian
213	ritallin
213	ritlian
213	ritelin
213	ridalin
213	rytalin
213	ritilian
213	ritlalin
216	aleeve
216	aleves
216	aleve
216	aleave
216	aleive
224	motrins
224	motrim
224	motrin
224	motrine
228	reced
228	recedes
228	receder
228	recede
228	receds
228	receed
228	recedeing
228	recedence
228	receede
228	recedin
228	receded
237	detoll
237	dettol
237	detol
241	tintures
241	tincutre
241	tincture
241	tinctured
241	tintcure
241	tincures
241	tinicture
241	tinctures
241	tinktures
241	tinchure
241	tinture
241	tincure
241	tinctura
241	tintcures
241	tincutres
241	tincturing
242	mucinex
242	muccinex
242	musinex
242	mucinexd
249	prednisalone
249	prednisol
249	prednison
249	predisone
249	prenisone
249	prednisdone
249	presnisone
249	prednesone
249	prednisone
249	predisolone
249	predinsone
249	prendisone
249	prednisilone
249	prednazone
249	prednizone
249	prednisolone
249	prednisione
249	pregnisone
249	predinisone
249	prednisones
249	prednosone
249	prednislone
249	presnidone
249	prednasone
249	prednisode
249	prednezone
249	prednesolone
249	prednisolon
249	presdnisone
252	curcuminrich
252	curcummin
252	curucumin
252	currcumin
252	curcuminoid
252	curccumin
252	curcumins
252	curcurmin
252	curcumen
252	curcmin
252	curumin
252	curcuwin
252	circumin
252	curcumim
252	curcuminoids
252	curcumine
252	curcuma
252	curcumin
252	cucurmin
256	ampicillin
256	pennicillin
256	amoxocillan
256	amoxicilin
256	amoxiciline
256	amoxicilline
256	ammoxicillin
256	methicillin
256	amoxocillian
256	cloxacillin
256	amoxacilin
256	amoxacillin
256	ammoxicilin
256	amoxicillian
256	amoxicillins
256	amoxocillin
256	amoxycillin
256	amoxicilan
256	amoxicillan
256	amoxocilin
256	amoxicllin
256	amoxicylin
256	amoxiclav
256	amoxicilian
256	amoxicillin
256	amoxcillin
256	amoxycilin
256	amoxicillen
271	dheas
271	dhea
274	sudofed
274	sudafedrin
274	sudifed
274	sudaffed
274	sudefed
274	sudafed
274	sudafeds
275	allays
275	allay
275	allayed
292	acetamin
292	acetaminphen
292	acetominiphin
292	aceteminophen
292	acetiminophen
292	acetamenophen
292	acetaminaphen
292	acetametophen
292	acetimenophen
292	acetomenophin
292	acetominiphen
292	acitominophen
292	acetaminophin
292	acetaminophine
292	acetaminophan
292	acetominofen
292	acetomenophen
292	acetominophen
292	acetaminophen
292	acetominophin
292	aceteminophin
292	acetaminophene
292	acetaminohpen
292	acetominphen
292	acetominaphin
292	acetaminophens
292	acetominaphen
292	acetomenophine
292	acetominophan
292	acteminophen
292	acetaminofen
292	acetominephen
292	acetminophen
292	acitaminophen
292	acetamenaphin
292	acetamenophin
292	acetaminaphin
292	acetominophine
292	aceitominophen
301	vapourub
301	vaporub
301	vaporup
301	vaporrub
313	exelons
313	exelon
314	cotrisol
314	cortizol
314	cortizon
314	lotrisone
314	coritsone
314	portiion
314	cortisones
314	corticoid
314	cortesol
314	cotisone
314	cortisoid
314	cortisone
314	cortifoam
314	cortisol
314	cortizone
314	cortison
314	cortisole
314	kortisol
314	cortosone
314	cortisols
314	cortisal
314	coritisol
314	cortosol
314	cortistol
327	zythromax
327	zithro
327	zithromax
334	methonol
334	methanole
334	heptanol
334	methenol
334	metanol
334	methanoic
334	methanol
334	pentanol
334	methanal
334	methonal
334	enthanol
334	buthanol
334	methanoate
377	propoli
377	proprolis
377	porpolis
377	proplis
397	albuterols
397	albuteral
397	albueterol
397	abuterol
397	albutetol
397	albuterol
397	clebuterol
397	albeuterol
397	salbuterol
397	albutrol
398	camphorous
398	camphor
398	camphors
398	camphora
410	neproxen
410	naprosin
410	neproxin
410	naprosen
410	naproxyn
410	caprofen
410	naproxine
410	liproxenol
410	naproxens
410	naproxin
410	naprosyn
410	naproxen
410	naproxem
410	naprox
410	naproxene
410	naproxone
412	thalydamide
412	thalidomide
412	thalidomid
412	lenalidomide
412	thalidimide
412	thalidamide
412	thalidomyde
412	thaliomide
412	pomalidomide
412	thalidomine
414	tamilflu
414	tamaflu
414	tamiflu
433	meted
433	metted
433	metes
433	mete
436	humria
436	humia
436	humira
436	hunira
436	humera
436	humiera
436	humiras
436	humiara
442	histaminic
442	histaminergic
442	histamines
442	histatin
442	histaminase
442	histaminosis
442	histamins
442	histmine
442	hystamine
442	histimines
442	histatins
442	histamin
442	typtamine
442	histimine
442	histadine
442	histaminics
442	histemic
442	histomines
442	histamine
442	hystamines
447	doxycicline
447	doxycyclene
447	tigecycline
447	dioxycycline
447	doxcycline
447	doxycycline
447	doxycyline
447	limecycline
447	doxyclycline
447	deoxycycline
447	doxycyclin
447	lymecycline
447	tigacycline
447	monocyclin
447	monocycline
447	mynocycline
447	minocyclin
447	doxycylin
447	docycycline
447	minicycline
447	doxycylcine
447	doxyxycline
447	doxicyclin
447	minocycline
447	lymecyclin
447	doxicycline
447	doxyciline
447	doxycyklin
447	doxycyclines
447	salycyclic
452	gentocin
452	ventolin
452	ventoline
452	ventorlin
452	ventalin
452	ventilin
453	lycine
453	lisine
453	lysine
453	lysin
483	hydrocloric
483	hydrochloric
483	hydrochoric
484	zithromicin
484	azithromax
484	zithromycin
484	zithromyacin
484	erithromycin
484	solithromycin
484	erythromyacin
484	azithromiacin
484	erythromicyn
484	erythromycine
484	erythromicin
484	azythromycin
484	roxithromycin
484	azithromycine
484	azithromyacin
484	erythromycins
484	azythromicin
484	telithromycin
484	azithromicin
484	azitromycin
484	erythromycin
484	azithromyocin
484	azithromycin
496	quinine
496	chinine
496	quinnine
518	naltroxone
518	naltexone
518	neltrexone
518	naltrexalone
518	naltroxene
518	naltrxone
518	nalprexone
518	naltraxon
518	naltrex
518	naltraxone
518	naletrexone
518	naltrexol
518	naltrexone
518	naltrexon
518	natrexone
521	methorexate
521	methotroxate
521	methotexate
521	methyltrexate
521	metotrexate
521	methotraxte
521	methtrexate
521	methrotrexate
521	methotrexat
521	methotrxate
521	methotextrate
521	methatrexate
521	methotrexate
521	metrotraxate
521	methotraxate
524	ascorbic
532	propofal
532	propfol
532	proponolol
532	profofol
532	proprofol
532	proponol
532	proponal
532	propolol
532	propofol
532	propophol
532	propafol
532	propoful
532	propofyl
532	propofil
532	propofolol
532	propoflo
546	oreganol
609	colchecine
609	colchicine
609	colchine
609	colchizine
609	colchicin
609	cochicine
609	colchesine
609	colcichine
609	colchisine
609	colchicene
609	cholchicine
609	colchacine
609	colchichine
640	decongested
640	decongests
640	decongestants
640	decongest
640	decongenstant
640	uncongested
640	decongesting
640	decongestion
640	decongestent
640	decongestive
640	decongestant
671	heparin
671	haparin
671	heparinize
671	nephrine
671	heparins
671	heparine
671	heperin
671	heprin
677	ivermectin
677	ivermection
677	selamectin
677	ivermec
677	avermectin
677	selemectin
677	ivermectins
677	ivermectine
677	invermectin
677	avermectins
804	quercetin
804	quercertin
804	quercitin
804	quecertin
804	myricetin
848	isopropylalcohol
852	meflaquine
852	mefloquine
852	mefloquin
973	lorsatan
973	losartin
973	losartan
985	chloroquine
985	chloroquinine
985	fluoroquinone
1372	hypochlorite
1372	hypochlorites
1372	hypochlorous
1447	ribivirin
1447	ribovirin
1447	ribaviron
1447	ribavarin
1447	ribavirin
1447	etravirine
1958	actemera
1958	actemra
2195	oseltamivir
2195	osteltamivir
2261	mesylate
2261	mesylates
2261	silylated
2261	tosylates
2261	tosylate
2261	mesylation
2261	tosylated
2394	zpaks
2394	zpak
2394	zpac
2474	plaquanil
2474	plaqenil
2474	placquenil
2474	plaqunel
2474	plaquenol
2474	plaqunil
2474	plaquinil
2474	plaquenil
2474	plaquinel
2477	vedolizumab
2477	tocilizumab
2477	daclizumab
2477	natalizumab
2477	etrolizumab
2477	ocrelizumab
2615	hydroxychloroquine
2615	hydroxychlorquine
2615	hydroxychloriquine
2615	hydroxycloroquine
2615	hydroxychloroquin
3369	dupilumab
3369	sarilumab
3532	clorpheniramine
3532	chlorphen
3532	chlorphineramine
3532	chlorephramine
3532	chlorephrenamine
3532	chlorpheniriamine
3532	chlorpheniramine
3532	chlorpheneramine
3532	chlorphenamine
3649	lopinavir
3649	indinavir
