M2	dyspnea
M2	eyspnea
M2	cyspnea
M2	syspnea
M2	fyspnea
M2	ayspnea
M2	qyspnea
M2	gyspnea
M2	byspnea
M2	vyspnea
M2	dyspnea
M2	dtspnea
M2	duspnea
M2	dgspnea
M2	djspnea
M2	dhspnea
M2	drspnea
M2	dfspnea
M2	dvspnea
M2	dbspnea
M2	dnspnea
M2	djspnea
M2	dispnea
M2	dyspnea
M2	dywpnea
M2	dyxpnea
M2	dyapnea
M2	dydpnea
M2	dyrpnea
M2	dyfpnea
M2	dyvpnea
M2	dyspnea
M2	dyslnea
M2	dysonea
M2	dys[nea
M2	dys'nea
M2	dysinea
M2	dysknea
M2	dyspnea
M2	dyspbea
M2	dyspmea
M2	dysphea
M2	dyspjea
M2	dyspvea
M2	dyspgea
M2	dysptea
M2	dyspuea
M2	dyspiea
M2	dyspkea
M2	dyspnea
M2	dyspnwa
M2	dyspnra
M2	dyspnsa
M2	dyspnfa
M2	dyspnda
M2	dyspnqa
M2	dyspnaa
M2	dyspnza
M2	dyspnxa
M2	dyspnca
M2	dyspnva
M2	dyspnga
M2	dyspnta
M2	dyspnea
M2	dyspneq
M2	dyspnes
M2	dyspnez
M2	dyspnew
M2	dyspnex
M2	dyspnew
M2	dyspned
M2	dyspnec
M2	dyspnee
M3	febrile
M3	debrile
M3	gebrile
M3	rebrile
M3	vebrile
M3	webrile
M3	sebrile
M3	xebrile
M3	yebrile
M3	hebrile
M3	nebrile
M3	febrile
M3	fwbrile
M3	frbrile
M3	fsbrile
M3	ffbrile
M3	fdbrile
M3	fqbrile
M3	fabrile
M3	fzbrile
M3	fxbrile
M3	fcbrile
M3	fvbrile
M3	fgbrile
M3	ftbrile
M3	febrile
M3	fevrile
M3	fenrile
M3	fegrile
M3	fehrile
M3	fecrile
M3	fefrile
M3	fetrile
M3	feyrile
M3	feurile
M3	fenrile
M3	febrile
M3	febeile
M3	febtile
M3	febdile
M3	febgile
M3	febfile
M3	febwile
M3	febsile
M3	febxile
M3	febcile
M3	febvile
M3	febgile
M3	febtile
M3	febrile
M3	februle
M3	febrole
M3	febrjle
M3	febrlle
M3	febrkle
M3	febryle
M3	febrhle
M3	febrnle
M3	febrmle
M3	febrlle
M3	febrple
M3	febrile
M3	febrioe
M3	febrike
M3	febrime
M3	febripe
M3	febriue
M3	febrije
M3	febrine
M3	febrile
M3	febrilw
M3	febrilr
M3	febrils
M3	febrilf
M3	febrild
M3	febrilq
M3	febrila
M3	febrilz
M3	febrilx
M3	febrilc
M3	febrilv
M3	febrilg
M3	febrilt
M4	sore throat
M4	wore throat
M4	xore throat
M4	aore throat
M4	dore throat
M4	rore throat
M4	fore throat
M4	vore throat
M4	sore throat
M4	sire throat
M4	spre throat
M4	skre throat
M4	slre throat
M4	sure throat
M4	sjre throat
M4	smre throat
M4	sore throat
M4	soee throat
M4	sote throat
M4	sode throat
M4	soge throat
M4	sofe throat
M4	sowe throat
M4	sose throat
M4	soxe throat
M4	soce throat
M4	sove throat
M4	soge throat
M4	sote throat
M4	sore throat
M4	sorw throat
M4	sorr throat
M4	sors throat
M4	sorf throat
M4	sord throat
M4	sorq throat
M4	sora throat
M4	sorz throat
M4	sorx throat
M4	sorc throat
M4	sorv throat
M4	sorg throat
M4	sort throat
M4	sore throat
M4	sore rhroat
M4	sore yhroat
M4	sore fhroat
M4	sore hhroat
M4	sore ghroat
M4	sore ehroat
M4	sore dhroat
M4	sore chroat
M4	sore vhroat
M4	sore bhroat
M4	sore nhroat
M4	sore jhroat
M4	sore uhroat
M4	sore throat
M4	sore tyroat
M4	sore tnroat
M4	sore tgroat
M4	sore tjroat
M4	sore tfroat
M4	sore trroat
M4	sore tvroat
M4	sore tkroat
M4	sore tiroat
M4	sore tmroat
M4	sore throat
M4	sore theoat
M4	sore thtoat
M4	sore thdoat
M4	sore thgoat
M4	sore thfoat
M4	sore thwoat
M4	sore thsoat
M4	sore thxoat
M4	sore thcoat
M4	sore thvoat
M4	sore thgoat
M4	sore thtoat
M4	sore throat
M4	sore thriat
M4	sore thrpat
M4	sore thrkat
M4	sore thrlat
M4	sore thruat
M4	sore thrjat
M4	sore thrmat
M4	sore throat
M4	sore throqt
M4	sore throst
M4	sore throzt
M4	sore throwt
M4	sore throxt
M4	sore throwt
M4	sore throdt
M4	sore throct
M4	sore throet
M4	sore throat
M4	sore throar
M4	sore throay
M4	sore throaf
M4	sore throah
M4	sore throag
M4	sore throae
M4	sore throad
M4	sore throac
M4	sore throav
M4	sore throab
M4	sore throan
M4	sore throaj
M4	sore throau
M5	chest pain
M5	xhest pain
M5	vhest pain
M5	dhest pain
M5	fhest pain
M5	zhest pain
M5	shest pain
M5	whest pain
M5	ehest pain
M5	rhest pain
M5	ghest pain
M5	bhest pain
M5	chest pain
M5	cyest pain
M5	cnest pain
M5	cgest pain
M5	cjest pain
M5	cfest pain
M5	crest pain
M5	cvest pain
M5	ckest pain
M5	ciest pain
M5	cmest pain
M5	chest pain
M5	chwst pain
M5	chrst pain
M5	chsst pain
M5	chfst pain
M5	chdst pain
M5	chqst pain
M5	chast pain
M5	chzst pain
M5	chxst pain
M5	chcst pain
M5	chvst pain
M5	chgst pain
M5	chtst pain
M5	chest pain
M5	chewt pain
M5	chext pain
M5	cheat pain
M5	chedt pain
M5	chert pain
M5	cheft pain
M5	chevt pain
M5	chest pain
M5	chesr pain
M5	chesy pain
M5	chesf pain
M5	chesh pain
M5	chesg pain
M5	chese pain
M5	chesd pain
M5	chesc pain
M5	chesv pain
M5	chesb pain
M5	chesn pain
M5	chesj pain
M5	chesu pain
M5	chest pain
M5	chest lain
M5	chest oain
M5	chest [ain
M5	chest 'ain
M5	chest iain
M5	chest kain
M5	chest pain
M5	chest pqin
M5	chest psin
M5	chest pzin
M5	chest pwin
M5	chest pxin
M5	chest pwin
M5	chest pdin
M5	chest pcin
M5	chest pein
M5	chest pain
M5	chest paun
M5	chest paon
M5	chest pajn
M5	chest paln
M5	chest pakn
M5	chest payn
M5	chest pahn
M5	chest pann
M5	chest pamn
M5	chest paln
M5	chest papn
M5	chest pain
M5	chest paib
M5	chest paim
M5	chest paih
M5	chest paij
M5	chest paiv
M5	chest paig
M5	chest pait
M5	chest paiu
M5	chest paii
M5	chest paik
M6	congestion
M6	xongestion
M6	vongestion
M6	dongestion
M6	fongestion
M6	zongestion
M6	songestion
M6	wongestion
M6	eongestion
M6	rongestion
M6	gongestion
M6	bongestion
M6	congestion
M6	cingestion
M6	cpngestion
M6	ckngestion
M6	clngestion
M6	cungestion
M6	cjngestion
M6	cmngestion
M6	congestion
M6	cobgestion
M6	comgestion
M6	cohgestion
M6	cojgestion
M6	covgestion
M6	coggestion
M6	cotgestion
M6	cougestion
M6	coigestion
M6	cokgestion
M6	congestion
M6	contestion
M6	conbestion
M6	confestion
M6	conhestion
M6	coneestion
M6	condestion
M6	concestion
M6	conyestion
M6	conjestion
M6	connestion
M6	congestion
M6	congwstion
M6	congrstion
M6	congsstion
M6	congfstion
M6	congdstion
M6	congqstion
M6	congastion
M6	congzstion
M6	congxstion
M6	congcstion
M6	congvstion
M6	conggstion
M6	congtstion
M6	congestion
M6	congewtion
M6	congextion
M6	congeation
M6	congedtion
M6	congertion
M6	congeftion
M6	congevtion
M6	congestion
M6	congesrion
M6	congesyion
M6	congesfion
M6	congeshion
M6	congesgion
M6	congeseion
M6	congesdion
M6	congescion
M6	congesvion
M6	congesbion
M6	congesnion
M6	congesjion
M6	congesuion
M6	congestion
M6	congestuon
M6	congestoon
M6	congestjon
M6	congestlon
M6	congestkon
M6	congestyon
M6	congesthon
M6	congestnon
M6	congestmon
M6	congestlon
M6	congestpon
M6	congestion
M6	congestiin
M6	congestipn
M6	congestikn
M6	congestiln
M6	congestiun
M6	congestijn
M6	congestimn
M6	congestion
M6	congestiob
M6	congestiom
M6	congestioh
M6	congestioj
M6	congestiov
M6	congestiog
M6	congestiot
M6	congestiou
M6	congestioi
M6	congestiok
M7	rash
M7	eash
M7	tash
M7	dash
M7	gash
M7	fash
M7	wash
M7	sash
M7	xash
M7	cash
M7	vash
M7	gash
M7	tash
M7	rash
M7	rqsh
M7	rssh
M7	rzsh
M7	rwsh
M7	rxsh
M7	rwsh
M7	rdsh
M7	rcsh
M7	resh
M7	rash
M7	rawh
M7	raxh
M7	raah
M7	radh
M7	rarh
M7	rafh
M7	ravh
M7	rash
M7	rasy
M7	rasn
M7	rasg
M7	rasj
M7	rasf
M7	rasr
M7	rasv
M7	rask
M7	rasi
M7	rasm
M8	nausea and vomiting
M8	bausea and vomiting
M8	mausea and vomiting
M8	hausea and vomiting
M8	jausea and vomiting
M8	vausea and vomiting
M8	gausea and vomiting
M8	tausea and vomiting
M8	uausea and vomiting
M8	iausea and vomiting
M8	kausea and vomiting
M8	nausea and vomiting
M8	nqusea and vomiting
M8	nsusea and vomiting
M8	nzusea and vomiting
M8	nwusea and vomiting
M8	nxusea and vomiting
M8	nwusea and vomiting
M8	ndusea and vomiting
M8	ncusea and vomiting
M8	neusea and vomiting
M8	nausea and vomiting
M8	naysea and vomiting
M8	naisea and vomiting
M8	nahsea and vomiting
M8	naksea and vomiting
M8	najsea and vomiting
M8	natsea and vomiting
M8	nagsea and vomiting
M8	nabsea and vomiting
M8	nansea and vomiting
M8	namsea and vomiting
M8	nalsea and vomiting
M8	naosea and vomiting
M8	nausea and vomiting
M8	nauwea and vomiting
M8	nauxea and vomiting
M8	nauaea and vomiting
M8	naudea and vomiting
M8	naurea and vomiting
M8	naufea and vomiting
M8	nauvea and vomiting
M8	nausea and vomiting
M8	nauswa and vomiting
M8	nausra and vomiting
M8	naussa and vomiting
M8	nausfa and vomiting
M8	nausda and vomiting
M8	nausqa and vomiting
M8	nausaa and vomiting
M8	nausza and vomiting
M8	nausxa and vomiting
M8	nausca and vomiting
M8	nausva and vomiting
M8	nausga and vomiting
M8	nausta and vomiting
M8	nausea and vomiting
M8	nauseq and vomiting
M8	nauses and vomiting
M8	nausez and vomiting
M8	nausew and vomiting
M8	nausex and vomiting
M8	nausew and vomiting
M8	naused and vomiting
M8	nausec and vomiting
M8	nausee and vomiting
M8	nausea and vomiting
M8	nausea qnd vomiting
M8	nausea snd vomiting
M8	nausea znd vomiting
M8	nausea wnd vomiting
M8	nausea xnd vomiting
M8	nausea wnd vomiting
M8	nausea dnd vomiting
M8	nausea cnd vomiting
M8	nausea end vomiting
M8	nausea and vomiting
M8	nausea abd vomiting
M8	nausea amd vomiting
M8	nausea ahd vomiting
M8	nausea ajd vomiting
M8	nausea avd vomiting
M8	nausea agd vomiting
M8	nausea atd vomiting
M8	nausea aud vomiting
M8	nausea aid vomiting
M8	nausea akd vomiting
M8	nausea and vomiting
M8	nausea ane vomiting
M8	nausea anc vomiting
M8	nausea ans vomiting
M8	nausea anf vomiting
M8	nausea ana vomiting
M8	nausea anq vomiting
M8	nausea ang vomiting
M8	nausea anb vomiting
M8	nausea anv vomiting
M8	nausea and vomiting
M8	nausea and comiting
M8	nausea and fomiting
M8	nausea and bomiting
M8	nausea and gomiting
M8	nausea and xomiting
M8	nausea and domiting
M8	nausea and eomiting
M8	nausea and romiting
M8	nausea and tomiting
M8	nausea and yomiting
M8	nausea and nomiting
M8	nausea and vomiting
M8	nausea and vimiting
M8	nausea and vpmiting
M8	nausea and vkmiting
M8	nausea and vlmiting
M8	nausea and vumiting
M8	nausea and vjmiting
M8	nausea and vmmiting
M8	nausea and vomiting
M8	nausea and voniting
M8	nausea and vokiting
M8	nausea and vojiting
M8	nausea and voliting
M8	nausea and vooiting
M8	nausea and voiiting
M8	nausea and vokiting
M8	nausea and vomiting
M8	nausea and vomuting
M8	nausea and vomoting
M8	nausea and vomjting
M8	nausea and vomlting
M8	nausea and vomkting
M8	nausea and vomyting
M8	nausea and vomhting
M8	nausea and vomnting
M8	nausea and vommting
M8	nausea and vomlting
M8	nausea and vompting
M8	nausea and vomiting
M8	nausea and vomiring
M8	nausea and vomiying
M8	nausea and vomifing
M8	nausea and vomihing
M8	nausea and vomiging
M8	nausea and vomieing
M8	nausea and vomiding
M8	nausea and vomicing
M8	nausea and vomiving
M8	nausea and vomibing
M8	nausea and vomining
M8	nausea and vomijing
M8	nausea and vomiuing
M8	nausea and vomiting
M8	nausea and vomitung
M8	nausea and vomitong
M8	nausea and vomitjng
M8	nausea and vomitlng
M8	nausea and vomitkng
M8	nausea and vomityng
M8	nausea and vomithng
M8	nausea and vomitnng
M8	nausea and vomitmng
M8	nausea and vomitlng
M8	nausea and vomitpng
M8	nausea and vomiting
M8	nausea and vomitibg
M8	nausea and vomitimg
M8	nausea and vomitihg
M8	nausea and vomitijg
M8	nausea and vomitivg
M8	nausea and vomitigg
M8	nausea and vomititg
M8	nausea and vomitiug
M8	nausea and vomitiig
M8	nausea and vomitikg
M8	nausea and vomiting
M8	nausea and vomitint
M8	nausea and vomitinb
M8	nausea and vomitinf
M8	nausea and vomitinh
M8	nausea and vomitine
M8	nausea and vomitind
M8	nausea and vomitinc
M8	nausea and vomitiny
M8	nausea and vomitinj
M8	nausea and vomitinn
M9	fatigue
M9	datigue
M9	gatigue
M9	ratigue
M9	vatigue
M9	watigue
M9	satigue
M9	xatigue
M9	yatigue
M9	hatigue
M9	natigue
M9	fatigue
M9	fqtigue
M9	fstigue
M9	fztigue
M9	fwtigue
M9	fxtigue
M9	fwtigue
M9	fdtigue
M9	fctigue
M9	fetigue
M9	fatigue
M9	farigue
M9	fayigue
M9	fafigue
M9	fahigue
M9	fagigue
M9	faeigue
M9	fadigue
M9	facigue
M9	favigue
M9	fabigue
M9	fanigue
M9	fajigue
M9	fauigue
M9	fatigue
M9	fatugue
M9	fatogue
M9	fatjgue
M9	fatlgue
M9	fatkgue
M9	fatygue
M9	fathgue
M9	fatngue
M9	fatmgue
M9	fatlgue
M9	fatpgue
M9	fatigue
M9	fatitue
M9	fatibue
M9	fatifue
M9	fatihue
M9	fatieue
M9	fatidue
M9	faticue
M9	fatiyue
M9	fatijue
M9	fatinue
M9	fatigue
M9	fatigye
M9	fatigie
M9	fatighe
M9	fatigke
M9	fatigje
M9	fatigte
M9	fatigge
M9	fatigbe
M9	fatigne
M9	fatigme
M9	fatigle
M9	fatigoe
M9	fatigue
M9	fatiguw
M9	fatigur
M9	fatigus
M9	fatiguf
M9	fatigud
M9	fatiguq
M9	fatigua
M9	fatiguz
M9	fatigux
M9	fatiguc
M9	fatiguv
M9	fatigug
M9	fatigut
M10	nausea
M10	bausea
M10	mausea
M10	hausea
M10	jausea
M10	vausea
M10	gausea
M10	tausea
M10	uausea
M10	iausea
M10	kausea
M10	nausea
M10	nqusea
M10	nsusea
M10	nzusea
M10	nwusea
M10	nxusea
M10	nwusea
M10	ndusea
M10	ncusea
M10	neusea
M10	nausea
M10	naysea
M10	naisea
M10	nahsea
M10	naksea
M10	najsea
M10	natsea
M10	nagsea
M10	nabsea
M10	nansea
M10	namsea
M10	nalsea
M10	naosea
M10	nausea
M10	nauwea
M10	nauxea
M10	nauaea
M10	naudea
M10	naurea
M10	naufea
M10	nauvea
M10	nausea
M10	nauswa
M10	nausra
M10	naussa
M10	nausfa
M10	nausda
M10	nausqa
M10	nausaa
M10	nausza
M10	nausxa
M10	nausca
M10	nausva
M10	nausga
M10	nausta
M10	nausea
M10	nauseq
M10	nauses
M10	nausez
M10	nausew
M10	nausex
M10	nausew
M10	naused
M10	nausec
M10	nausee
M11	vomiting
M11	comiting
M11	fomiting
M11	bomiting
M11	gomiting
M11	xomiting
M11	domiting
M11	eomiting
M11	romiting
M11	tomiting
M11	yomiting
M11	nomiting
M11	vomiting
M11	vimiting
M11	vpmiting
M11	vkmiting
M11	vlmiting
M11	vumiting
M11	vjmiting
M11	vmmiting
M11	vomiting
M11	voniting
M11	vokiting
M11	vojiting
M11	voliting
M11	vooiting
M11	voiiting
M11	vokiting
M11	vomiting
M11	vomuting
M11	vomoting
M11	vomjting
M11	vomlting
M11	vomkting
M11	vomyting
M11	vomhting
M11	vomnting
M11	vommting
M11	vomlting
M11	vompting
M11	vomiting
M11	vomiring
M11	vomiying
M11	vomifing
M11	vomihing
M11	vomiging
M11	vomieing
M11	vomiding
M11	vomicing
M11	vomiving
M11	vomibing
M11	vomining
M11	vomijing
M11	vomiuing
M11	vomiting
M11	vomitung
M11	vomitong
M11	vomitjng
M11	vomitlng
M11	vomitkng
M11	vomityng
M11	vomithng
M11	vomitnng
M11	vomitmng
M11	vomitlng
M11	vomitpng
M11	vomiting
M11	vomitibg
M11	vomitimg
M11	vomitihg
M11	vomitijg
M11	vomitivg
M11	vomitigg
M11	vomititg
M11	vomitiug
M11	vomitiig
M11	vomitikg
M11	vomiting
M11	vomitint
M11	vomitinb
M11	vomitinf
M11	vomitinh
M11	vomitine
M11	vomitind
M11	vomitinc
M11	vomitiny
M11	vomitinj
M11	vomitinn
M12	myalgia
M12	nyalgia
M12	kyalgia
M12	jyalgia
M12	lyalgia
M12	oyalgia
M12	iyalgia
M12	kyalgia
M12	myalgia
M12	mtalgia
M12	mualgia
M12	mgalgia
M12	mjalgia
M12	mhalgia
M12	mralgia
M12	mfalgia
M12	mvalgia
M12	mbalgia
M12	mnalgia
M12	mjalgia
M12	mialgia
M12	myalgia
M12	myqlgia
M12	myslgia
M12	myzlgia
M12	mywlgia
M12	myxlgia
M12	mywlgia
M12	mydlgia
M12	myclgia
M12	myelgia
M12	myalgia
M12	myaogia
M12	myakgia
M12	myamgia
M12	myapgia
M12	myaugia
M12	myajgia
M12	myangia
M12	myalgia
M12	myaltia
M12	myalbia
M12	myalfia
M12	myalhia
M12	myaleia
M12	myaldia
M12	myalcia
M12	myalyia
M12	myaljia
M12	myalnia
M12	myalgia
M12	myalgua
M12	myalgoa
M12	myalgja
M12	myalgla
M12	myalgka
M12	myalgya
M12	myalgha
M12	myalgna
M12	myalgma
M12	myalgla
M12	myalgpa
M12	myalgia
M12	myalgiq
M12	myalgis
M12	myalgiz
M12	myalgiw
M12	myalgix
M12	myalgiw
M12	myalgid
M12	myalgic
M12	myalgie
M13	influenza
M13	unfluenza
M13	onfluenza
M13	jnfluenza
M13	lnfluenza
M13	knfluenza
M13	ynfluenza
M13	hnfluenza
M13	nnfluenza
M13	mnfluenza
M13	lnfluenza
M13	pnfluenza
M13	influenza
M13	ibfluenza
M13	imfluenza
M13	ihfluenza
M13	ijfluenza
M13	ivfluenza
M13	igfluenza
M13	itfluenza
M13	iufluenza
M13	iifluenza
M13	ikfluenza
M13	influenza
M13	indluenza
M13	ingluenza
M13	inrluenza
M13	invluenza
M13	inwluenza
M13	insluenza
M13	inxluenza
M13	inyluenza
M13	inhluenza
M13	innluenza
M13	influenza
M13	infouenza
M13	infkuenza
M13	infmuenza
M13	infpuenza
M13	infuuenza
M13	infjuenza
M13	infnuenza
M13	influenza
M13	inflyenza
M13	inflienza
M13	inflhenza
M13	inflkenza
M13	infljenza
M13	infltenza
M13	inflgenza
M13	inflbenza
M13	inflnenza
M13	inflmenza
M13	infllenza
M13	infloenza
M13	influenza
M13	influwnza
M13	influrnza
M13	influsnza
M13	influfnza
M13	infludnza
M13	influqnza
M13	influanza
M13	influznza
M13	influxnza
M13	influcnza
M13	influvnza
M13	influgnza
M13	influtnza
M13	influenza
M13	influebza
M13	influemza
M13	influehza
M13	influejza
M13	influevza
M13	influegza
M13	influetza
M13	influeuza
M13	influeiza
M13	influekza
M13	influenza
M13	influenaa
M13	influenxa
M13	influensa
M13	influenva
M13	influenda
M13	influenea
M13	influenza
M13	influenzq
M13	influenzs
M13	influenzz
M13	influenzw
M13	influenzx
M13	influenzw
M13	influenzd
M13	influenzc
M13	influenze
M14	tachycardia
M14	rachycardia
M14	yachycardia
M14	fachycardia
M14	hachycardia
M14	gachycardia
M14	eachycardia
M14	dachycardia
M14	cachycardia
M14	vachycardia
M14	bachycardia
M14	nachycardia
M14	jachycardia
M14	uachycardia
M14	tachycardia
M14	tqchycardia
M14	tschycardia
M14	tzchycardia
M14	twchycardia
M14	txchycardia
M14	twchycardia
M14	tdchycardia
M14	tcchycardia
M14	techycardia
M14	tachycardia
M14	taxhycardia
M14	tavhycardia
M14	tadhycardia
M14	tafhycardia
M14	tazhycardia
M14	tashycardia
M14	tawhycardia
M14	taehycardia
M14	tarhycardia
M14	taghycardia
M14	tabhycardia
M14	tachycardia
M14	tacyycardia
M14	tacnycardia
M14	tacgycardia
M14	tacjycardia
M14	tacfycardia
M14	tacrycardia
M14	tacvycardia
M14	tackycardia
M14	taciycardia
M14	tacmycardia
M14	tachycardia
M14	tachtcardia
M14	tachucardia
M14	tachgcardia
M14	tachjcardia
M14	tachhcardia
M14	tachrcardia
M14	tachfcardia
M14	tachvcardia
M14	tachbcardia
M14	tachncardia
M14	tachjcardia
M14	tachicardia
M14	tachycardia
M14	tachyxardia
M14	tachyvardia
M14	tachydardia
M14	tachyfardia
M14	tachyzardia
M14	tachysardia
M14	tachywardia
M14	tachyeardia
M14	tachyrardia
M14	tachygardia
M14	tachybardia
M14	tachycardia
M14	tachycqrdia
M14	tachycsrdia
M14	tachyczrdia
M14	tachycwrdia
M14	tachycxrdia
M14	tachycwrdia
M14	tachycdrdia
M14	tachyccrdia
M14	tachycerdia
M14	tachycardia
M14	tachycaedia
M14	tachycatdia
M14	tachycaddia
M14	tachycagdia
M14	tachycafdia
M14	tachycawdia
M14	tachycasdia
M14	tachycaxdia
M14	tachycacdia
M14	tachycavdia
M14	tachycagdia
M14	tachycatdia
M14	tachycardia
M14	tachycareia
M14	tachycarcia
M14	tachycarsia
M14	tachycarfia
M14	tachycaraia
M14	tachycarqia
M14	tachycargia
M14	tachycarbia
M14	tachycarvia
M14	tachycardia
M14	tachycardua
M14	tachycardoa
M14	tachycardja
M14	tachycardla
M14	tachycardka
M14	tachycardya
M14	tachycardha
M14	tachycardna
M14	tachycardma
M14	tachycardla
M14	tachycardpa
M14	tachycardia
M14	tachycardiq
M14	tachycardis
M14	tachycardiz
M14	tachycardiw
M14	tachycardix
M14	tachycardiw
M14	tachycardid
M14	tachycardic
M14	tachycardie
M15	acetaminophen
M15	qcetaminophen
M15	scetaminophen
M15	zcetaminophen
M15	wcetaminophen
M15	xcetaminophen
M15	wcetaminophen
M15	dcetaminophen
M15	ccetaminophen
M15	ecetaminophen
M15	acetaminophen
M15	axetaminophen
M15	avetaminophen
M15	adetaminophen
M15	afetaminophen
M15	azetaminophen
M15	asetaminophen
M15	awetaminophen
M15	aeetaminophen
M15	aretaminophen
M15	agetaminophen
M15	abetaminophen
M15	acetaminophen
M15	acwtaminophen
M15	acrtaminophen
M15	acstaminophen
M15	acftaminophen
M15	acdtaminophen
M15	acqtaminophen
M15	acataminophen
M15	acztaminophen
M15	acxtaminophen
M15	acctaminophen
M15	acvtaminophen
M15	acgtaminophen
M15	acttaminophen
M15	acetaminophen
M15	aceraminophen
M15	aceyaminophen
M15	acefaminophen
M15	acehaminophen
M15	acegaminophen
M15	aceeaminophen
M15	acedaminophen
M15	acecaminophen
M15	acevaminophen
M15	acebaminophen
M15	acenaminophen
M15	acejaminophen
M15	aceuaminophen
M15	acetaminophen
M15	acetqminophen
M15	acetsminophen
M15	acetzminophen
M15	acetwminophen
M15	acetxminophen
M15	acetwminophen
M15	acetdminophen
M15	acetcminophen
M15	aceteminophen
M15	acetaminophen
M15	acetaninophen
M15	acetakinophen
M15	acetajinophen
M15	acetalinophen
M15	acetaoinophen
M15	acetaiinophen
M15	acetakinophen
M15	acetaminophen
M15	acetamunophen
M15	acetamonophen
M15	acetamjnophen
M15	acetamlnophen
M15	acetamknophen
M15	acetamynophen
M15	acetamhnophen
M15	acetamnnophen
M15	acetammnophen
M15	acetamlnophen
M15	acetampnophen
M15	acetaminophen
M15	acetamibophen
M15	acetamimophen
M15	acetamihophen
M15	acetamijophen
M15	acetamivophen
M15	acetamigophen
M15	acetamitophen
M15	acetamiuophen
M15	acetamiiophen
M15	acetamikophen
M15	acetaminophen
M15	acetaminiphen
M15	acetaminpphen
M15	acetaminkphen
M15	acetaminlphen
M15	acetaminuphen
M15	acetaminjphen
M15	acetaminmphen
M15	acetaminophen
M15	acetaminolhen
M15	acetaminoohen
M15	acetamino[hen
M15	acetamino'hen
M15	acetaminoihen
M15	acetaminokhen
M15	acetaminophen
M15	acetaminopyen
M15	acetaminopnen
M15	acetaminopgen
M15	acetaminopjen
M15	acetaminopfen
M15	acetaminopren
M15	acetaminopven
M15	acetaminopken
M15	acetaminopien
M15	acetaminopmen
M15	acetaminophen
M15	acetaminophwn
M15	acetaminophrn
M15	acetaminophsn
M15	acetaminophfn
M15	acetaminophdn
M15	acetaminophqn
M15	acetaminophan
M15	acetaminophzn
M15	acetaminophxn
M15	acetaminophcn
M15	acetaminophvn
M15	acetaminophgn
M15	acetaminophtn
M15	acetaminophen
M15	acetaminopheb
M15	acetaminophem
M15	acetaminopheh
M15	acetaminophej
M15	acetaminophev
M15	acetaminopheg
M15	acetaminophet
M15	acetaminopheu
M15	acetaminophei
M15	acetaminophek
M16	pain
M16	lain
M16	oain
M16	[ain
M16	'ain
M16	iain
M16	kain
M16	pain
M16	pqin
M16	psin
M16	pzin
M16	pwin
M16	pxin
M16	pwin
M16	pdin
M16	pcin
M16	pein
M16	pain
M16	paun
M16	paon
M16	pajn
M16	paln
M16	pakn
M16	payn
M16	pahn
M16	pann
M16	pamn
M16	paln
M16	papn
M16	pain
M16	paib
M16	paim
M16	paih
M16	paij
M16	paiv
M16	paig
M16	pait
M16	paiu
M16	paii
M16	paik
M17	chills
M17	xhills
M17	vhills
M17	dhills
M17	fhills
M17	zhills
M17	shills
M17	whills
M17	ehills
M17	rhills
M17	ghills
M17	bhills
M17	chills
M17	cyills
M17	cnills
M17	cgills
M17	cjills
M17	cfills
M17	crills
M17	cvills
M17	ckills
M17	ciills
M17	cmills
M17	chills
M17	chulls
M17	cholls
M17	chjlls
M17	chllls
M17	chklls
M17	chylls
M17	chhlls
M17	chnlls
M17	chmlls
M17	chllls
M17	chplls
M17	chills
M17	chiols
M17	chikls
M17	chimls
M17	chipls
M17	chiuls
M17	chijls
M17	chinls
M17	chills
M17	chilos
M17	chilks
M17	chilms
M17	chilps
M17	chilus
M17	chiljs
M17	chilns
M17	chills
M17	chillw
M17	chillx
M17	chilla
M17	chilld
M17	chillr
M17	chillf
M17	chillv
M18	hypertension
M18	yypertension
M18	nypertension
M18	gypertension
M18	jypertension
M18	fypertension
M18	rypertension
M18	vypertension
M18	kypertension
M18	iypertension
M18	mypertension
M18	hypertension
M18	htpertension
M18	hupertension
M18	hgpertension
M18	hjpertension
M18	hhpertension
M18	hrpertension
M18	hfpertension
M18	hvpertension
M18	hbpertension
M18	hnpertension
M18	hjpertension
M18	hipertension
M18	hypertension
M18	hylertension
M18	hyoertension
M18	hy[ertension
M18	hy'ertension
M18	hyiertension
M18	hykertension
M18	hypertension
M18	hypwrtension
M18	hyprrtension
M18	hypsrtension
M18	hypfrtension
M18	hypdrtension
M18	hypqrtension
M18	hypartension
M18	hypzrtension
M18	hypxrtension
M18	hypcrtension
M18	hypvrtension
M18	hypgrtension
M18	hyptrtension
M18	hypertension
M18	hypeetension
M18	hypettension
M18	hypedtension
M18	hypegtension
M18	hypeftension
M18	hypewtension
M18	hypestension
M18	hypextension
M18	hypectension
M18	hypevtension
M18	hypegtension
M18	hypettension
M18	hypertension
M18	hyperrension
M18	hyperyension
M18	hyperfension
M18	hyperhension
M18	hypergension
M18	hypereension
M18	hyperdension
M18	hypercension
M18	hypervension
M18	hyperbension
M18	hypernension
M18	hyperjension
M18	hyperuension
M18	hypertension
M18	hypertwnsion
M18	hypertrnsion
M18	hypertsnsion
M18	hypertfnsion
M18	hypertdnsion
M18	hypertqnsion
M18	hypertansion
M18	hypertznsion
M18	hypertxnsion
M18	hypertcnsion
M18	hypertvnsion
M18	hypertgnsion
M18	hyperttnsion
M18	hypertension
M18	hypertebsion
M18	hypertemsion
M18	hypertehsion
M18	hypertejsion
M18	hypertevsion
M18	hypertegsion
M18	hypertetsion
M18	hyperteusion
M18	hyperteision
M18	hyperteksion
M18	hypertension
M18	hypertenwion
M18	hypertenxion
M18	hypertenaion
M18	hypertendion
M18	hypertenrion
M18	hypertenfion
M18	hypertenvion
M18	hypertension
M18	hypertensuon
M18	hypertensoon
M18	hypertensjon
M18	hypertenslon
M18	hypertenskon
M18	hypertensyon
M18	hypertenshon
M18	hypertensnon
M18	hypertensmon
M18	hypertenslon
M18	hypertenspon
M18	hypertension
M18	hypertensiin
M18	hypertensipn
M18	hypertensikn
M18	hypertensiln
M18	hypertensiun
M18	hypertensijn
M18	hypertensimn
M18	hypertension
M18	hypertensiob
M18	hypertensiom
M18	hypertensioh
M18	hypertensioj
M18	hypertensiov
M18	hypertensiog
M18	hypertensiot
M18	hypertensiou
M18	hypertensioi
M18	hypertensiok
M19	malaise
M19	nalaise
M19	kalaise
M19	jalaise
M19	lalaise
M19	oalaise
M19	ialaise
M19	kalaise
M19	malaise
M19	mqlaise
M19	mslaise
M19	mzlaise
M19	mwlaise
M19	mxlaise
M19	mwlaise
M19	mdlaise
M19	mclaise
M19	melaise
M19	malaise
M19	maoaise
M19	makaise
M19	mamaise
M19	mapaise
M19	mauaise
M19	majaise
M19	manaise
M19	malaise
M19	malqise
M19	malsise
M19	malzise
M19	malwise
M19	malxise
M19	malwise
M19	maldise
M19	malcise
M19	maleise
M19	malaise
M19	malause
M19	malaose
M19	malajse
M19	malalse
M19	malakse
M19	malayse
M19	malahse
M19	malanse
M19	malamse
M19	malalse
M19	malapse
M19	malaise
M19	malaiwe
M19	malaixe
M19	malaiae
M19	malaide
M19	malaire
M19	malaife
M19	malaive
M19	malaise
M19	malaisw
M19	malaisr
M19	malaiss
M19	malaisf
M19	malaisd
M19	malaisq
M19	malaisa
M19	malaisz
M19	malaisx
M19	malaisc
M19	malaisv
M19	malaisg
M19	malaist
M20	headache
M20	yeadache
M20	neadache
M20	geadache
M20	jeadache
M20	feadache
M20	readache
M20	veadache
M20	keadache
M20	ieadache
M20	meadache
M20	headache
M20	hwadache
M20	hradache
M20	hsadache
M20	hfadache
M20	hdadache
M20	hqadache
M20	haadache
M20	hzadache
M20	hxadache
M20	hcadache
M20	hvadache
M20	hgadache
M20	htadache
M20	headache
M20	heqdache
M20	hesdache
M20	hezdache
M20	hewdache
M20	hexdache
M20	hewdache
M20	heddache
M20	hecdache
M20	heedache
M20	headache
M20	heaeache
M20	heacache
M20	heasache
M20	heafache
M20	heaaache
M20	heaqache
M20	heagache
M20	heabache
M20	heavache
M20	headache
M20	headqche
M20	headsche
M20	headzche
M20	headwche
M20	headxche
M20	headwche
M20	headdche
M20	headcche
M20	headeche
M20	headache
M20	headaxhe
M20	headavhe
M20	headadhe
M20	headafhe
M20	headazhe
M20	headashe
M20	headawhe
M20	headaehe
M20	headarhe
M20	headaghe
M20	headabhe
M20	headache
M20	headacye
M20	headacne
M20	headacge
M20	headacje
M20	headacfe
M20	headacre
M20	headacve
M20	headacke
M20	headacie
M20	headacme
M20	headache
M20	headachw
M20	headachr
M20	headachs
M20	headachf
M20	headachd
M20	headachq
M20	headacha
M20	headachz
M20	headachx
M20	headachc
M20	headachv
M20	headachg
M20	headacht
M21	viral illness
M21	ciral illness
M21	firal illness
M21	biral illness
M21	giral illness
M21	xiral illness
M21	diral illness
M21	eiral illness
M21	riral illness
M21	tiral illness
M21	yiral illness
M21	niral illness
M21	viral illness
M21	vural illness
M21	voral illness
M21	vjral illness
M21	vlral illness
M21	vkral illness
M21	vyral illness
M21	vhral illness
M21	vnral illness
M21	vmral illness
M21	vlral illness
M21	vpral illness
M21	viral illness
M21	vieal illness
M21	vital illness
M21	vidal illness
M21	vigal illness
M21	vifal illness
M21	viwal illness
M21	visal illness
M21	vixal illness
M21	vical illness
M21	vival illness
M21	vigal illness
M21	vital illness
M21	viral illness
M21	virql illness
M21	virsl illness
M21	virzl illness
M21	virwl illness
M21	virxl illness
M21	virwl illness
M21	virdl illness
M21	vircl illness
M21	virel illness
M21	viral illness
M21	virao illness
M21	virak illness
M21	viram illness
M21	virap illness
M21	virau illness
M21	viraj illness
M21	viran illness
M21	viral illness
M21	viral ullness
M21	viral ollness
M21	viral jllness
M21	viral lllness
M21	viral kllness
M21	viral yllness
M21	viral hllness
M21	viral nllness
M21	viral mllness
M21	viral lllness
M21	viral pllness
M21	viral illness
M21	viral iolness
M21	viral iklness
M21	viral imlness
M21	viral iplness
M21	viral iulness
M21	viral ijlness
M21	viral inlness
M21	viral illness
M21	viral iloness
M21	viral ilkness
M21	viral ilmness
M21	viral ilpness
M21	viral iluness
M21	viral iljness
M21	viral ilnness
M21	viral illness
M21	viral illbess
M21	viral illmess
M21	viral illhess
M21	viral illjess
M21	viral illvess
M21	viral illgess
M21	viral illtess
M21	viral illuess
M21	viral illiess
M21	viral illkess
M21	viral illness
M21	viral illnwss
M21	viral illnrss
M21	viral illnsss
M21	viral illnfss
M21	viral illndss
M21	viral illnqss
M21	viral illnass
M21	viral illnzss
M21	viral illnxss
M21	viral illncss
M21	viral illnvss
M21	viral illngss
M21	viral illntss
M21	viral illness
M21	viral illnews
M21	viral illnexs
M21	viral illneas
M21	viral illneds
M21	viral illners
M21	viral illnefs
M21	viral illnevs
M21	viral illness
M21	viral illnesw
M21	viral illnesx
M21	viral illnesa
M21	viral illnesd
M21	viral illnesr
M21	viral illnesf
M21	viral illnesv
M22	pneumonia
M22	lneumonia
M22	oneumonia
M22	[neumonia
M22	'neumonia
M22	ineumonia
M22	kneumonia
M22	pneumonia
M22	pbeumonia
M22	pmeumonia
M22	pheumonia
M22	pjeumonia
M22	pveumonia
M22	pgeumonia
M22	pteumonia
M22	pueumonia
M22	pieumonia
M22	pkeumonia
M22	pneumonia
M22	pnwumonia
M22	pnrumonia
M22	pnsumonia
M22	pnfumonia
M22	pndumonia
M22	pnqumonia
M22	pnaumonia
M22	pnzumonia
M22	pnxumonia
M22	pncumonia
M22	pnvumonia
M22	pngumonia
M22	pntumonia
M22	pneumonia
M22	pneymonia
M22	pneimonia
M22	pnehmonia
M22	pnekmonia
M22	pnejmonia
M22	pnetmonia
M22	pnegmonia
M22	pnebmonia
M22	pnenmonia
M22	pnemmonia
M22	pnelmonia
M22	pneomonia
M22	pneumonia
M22	pneunonia
M22	pneukonia
M22	pneujonia
M22	pneulonia
M22	pneuoonia
M22	pneuionia
M22	pneukonia
M22	pneumonia
M22	pneuminia
M22	pneumpnia
M22	pneumknia
M22	pneumlnia
M22	pneumunia
M22	pneumjnia
M22	pneummnia
M22	pneumonia
M22	pneumobia
M22	pneumomia
M22	pneumohia
M22	pneumojia
M22	pneumovia
M22	pneumogia
M22	pneumotia
M22	pneumouia
M22	pneumoiia
M22	pneumokia
M22	pneumonia
M22	pneumonua
M22	pneumonoa
M22	pneumonja
M22	pneumonla
M22	pneumonka
M22	pneumonya
M22	pneumonha
M22	pneumonna
M22	pneumonma
M22	pneumonla
M22	pneumonpa
M22	pneumonia
M22	pneumoniq
M22	pneumonis
M22	pneumoniz
M22	pneumoniw
M22	pneumonix
M22	pneumoniw
M22	pneumonid
M22	pneumonic
M22	pneumonie
M23	rhinorrhea
M23	ehinorrhea
M23	thinorrhea
M23	dhinorrhea
M23	ghinorrhea
M23	fhinorrhea
M23	whinorrhea
M23	shinorrhea
M23	xhinorrhea
M23	chinorrhea
M23	vhinorrhea
M23	ghinorrhea
M23	thinorrhea
M23	rhinorrhea
M23	ryinorrhea
M23	rninorrhea
M23	rginorrhea
M23	rjinorrhea
M23	rfinorrhea
M23	rrinorrhea
M23	rvinorrhea
M23	rkinorrhea
M23	riinorrhea
M23	rminorrhea
M23	rhinorrhea
M23	rhunorrhea
M23	rhonorrhea
M23	rhjnorrhea
M23	rhlnorrhea
M23	rhknorrhea
M23	rhynorrhea
M23	rhhnorrhea
M23	rhnnorrhea
M23	rhmnorrhea
M23	rhlnorrhea
M23	rhpnorrhea
M23	rhinorrhea
M23	rhiborrhea
M23	rhimorrhea
M23	rhihorrhea
M23	rhijorrhea
M23	rhivorrhea
M23	rhigorrhea
M23	rhitorrhea
M23	rhiuorrhea
M23	rhiiorrhea
M23	rhikorrhea
M23	rhinorrhea
M23	rhinirrhea
M23	rhinprrhea
M23	rhinkrrhea
M23	rhinlrrhea
M23	rhinurrhea
M23	rhinjrrhea
M23	rhinmrrhea
M23	rhinorrhea
M23	rhinoerhea
M23	rhinotrhea
M23	rhinodrhea
M23	rhinogrhea
M23	rhinofrhea
M23	rhinowrhea
M23	rhinosrhea
M23	rhinoxrhea
M23	rhinocrhea
M23	rhinovrhea
M23	rhinogrhea
M23	rhinotrhea
M23	rhinorrhea
M23	rhinorehea
M23	rhinorthea
M23	rhinordhea
M23	rhinorghea
M23	rhinorfhea
M23	rhinorwhea
M23	rhinorshea
M23	rhinorxhea
M23	rhinorchea
M23	rhinorvhea
M23	rhinorghea
M23	rhinorthea
M23	rhinorrhea
M23	rhinorryea
M23	rhinorrnea
M23	rhinorrgea
M23	rhinorrjea
M23	rhinorrfea
M23	rhinorrrea
M23	rhinorrvea
M23	rhinorrkea
M23	rhinorriea
M23	rhinorrmea
M23	rhinorrhea
M23	rhinorrhwa
M23	rhinorrhra
M23	rhinorrhsa
M23	rhinorrhfa
M23	rhinorrhda
M23	rhinorrhqa
M23	rhinorrhaa
M23	rhinorrhza
M23	rhinorrhxa
M23	rhinorrhca
M23	rhinorrhva
M23	rhinorrhga
M23	rhinorrhta
M23	rhinorrhea
M23	rhinorrheq
M23	rhinorrhes
M23	rhinorrhez
M23	rhinorrhew
M23	rhinorrhex
M23	rhinorrhew
M23	rhinorrhed
M23	rhinorrhec
M23	rhinorrhee
M24	edema
M24	wdema
M24	rdema
M24	sdema
M24	fdema
M24	ddema
M24	qdema
M24	adema
M24	zdema
M24	xdema
M24	cdema
M24	vdema
M24	gdema
M24	tdema
M24	edema
M24	eeema
M24	ecema
M24	esema
M24	efema
M24	eaema
M24	eqema
M24	egema
M24	ebema
M24	evema
M24	edema
M24	edwma
M24	edrma
M24	edsma
M24	edfma
M24	eddma
M24	edqma
M24	edama
M24	edzma
M24	edxma
M24	edcma
M24	edvma
M24	edgma
M24	edtma
M24	edema
M24	edena
M24	edeka
M24	edeja
M24	edela
M24	edeoa
M24	edeia
M24	edeka
M24	edema
M24	edemq
M24	edems
M24	edemz
M24	edemw
M24	edemx
M24	edemw
M24	edemd
M24	edemc
M24	edeme
M25	dry cough
M25	ery cough
M25	cry cough
M25	sry cough
M25	fry cough
M25	ary cough
M25	qry cough
M25	gry cough
M25	bry cough
M25	vry cough
M25	dry cough
M25	dey cough
M25	dty cough
M25	ddy cough
M25	dgy cough
M25	dfy cough
M25	dwy cough
M25	dsy cough
M25	dxy cough
M25	dcy cough
M25	dvy cough
M25	dgy cough
M25	dty cough
M25	dry cough
M25	drt cough
M25	dru cough
M25	drg cough
M25	drj cough
M25	drh cough
M25	drr cough
M25	drf cough
M25	drv cough
M25	drb cough
M25	drn cough
M25	drj cough
M25	dri cough
M25	dry cough
M25	dry xough
M25	dry vough
M25	dry dough
M25	dry fough
M25	dry zough
M25	dry sough
M25	dry wough
M25	dry eough
M25	dry rough
M25	dry gough
M25	dry bough
M25	dry cough
M25	dry ciugh
M25	dry cpugh
M25	dry ckugh
M25	dry clugh
M25	dry cuugh
M25	dry cjugh
M25	dry cmugh
M25	dry cough
M25	dry coygh
M25	dry coigh
M25	dry cohgh
M25	dry cokgh
M25	dry cojgh
M25	dry cotgh
M25	dry coggh
M25	dry cobgh
M25	dry congh
M25	dry comgh
M25	dry colgh
M25	dry coogh
M25	dry cough
M25	dry couth
M25	dry coubh
M25	dry coufh
M25	dry couhh
M25	dry coueh
M25	dry coudh
M25	dry couch
M25	dry couyh
M25	dry coujh
M25	dry counh
M25	dry cough
M25	dry cougy
M25	dry cougn
M25	dry cougg
M25	dry cougj
M25	dry cougf
M25	dry cougr
M25	dry cougv
M25	dry cougk
M25	dry cougi
M25	dry cougm
M26	diarrhea
M26	eiarrhea
M26	ciarrhea
M26	siarrhea
M26	fiarrhea
M26	aiarrhea
M26	qiarrhea
M26	giarrhea
M26	biarrhea
M26	viarrhea
M26	diarrhea
M26	duarrhea
M26	doarrhea
M26	djarrhea
M26	dlarrhea
M26	dkarrhea
M26	dyarrhea
M26	dharrhea
M26	dnarrhea
M26	dmarrhea
M26	dlarrhea
M26	dparrhea
M26	diarrhea
M26	diqrrhea
M26	disrrhea
M26	dizrrhea
M26	diwrrhea
M26	dixrrhea
M26	diwrrhea
M26	didrrhea
M26	dicrrhea
M26	dierrhea
M26	diarrhea
M26	diaerhea
M26	diatrhea
M26	diadrhea
M26	diagrhea
M26	diafrhea
M26	diawrhea
M26	diasrhea
M26	diaxrhea
M26	diacrhea
M26	diavrhea
M26	diagrhea
M26	diatrhea
M26	diarrhea
M26	diarehea
M26	diarthea
M26	diardhea
M26	diarghea
M26	diarfhea
M26	diarwhea
M26	diarshea
M26	diarxhea
M26	diarchea
M26	diarvhea
M26	diarghea
M26	diarthea
M26	diarrhea
M26	diarryea
M26	diarrnea
M26	diarrgea
M26	diarrjea
M26	diarrfea
M26	diarrrea
M26	diarrvea
M26	diarrkea
M26	diarriea
M26	diarrmea
M26	diarrhea
M26	diarrhwa
M26	diarrhra
M26	diarrhsa
M26	diarrhfa
M26	diarrhda
M26	diarrhqa
M26	diarrhaa
M26	diarrhza
M26	diarrhxa
M26	diarrhca
M26	diarrhva
M26	diarrhga
M26	diarrhta
M26	diarrhea
M26	diarrheq
M26	diarrhes
M26	diarrhez
M26	diarrhew
M26	diarrhex
M26	diarrhew
M26	diarrhed
M26	diarrhec
M26	diarrhee
M27	abdominal pain
M27	qbdominal pain
M27	sbdominal pain
M27	zbdominal pain
M27	wbdominal pain
M27	xbdominal pain
M27	wbdominal pain
M27	dbdominal pain
M27	cbdominal pain
M27	ebdominal pain
M27	abdominal pain
M27	avdominal pain
M27	andominal pain
M27	agdominal pain
M27	ahdominal pain
M27	acdominal pain
M27	afdominal pain
M27	atdominal pain
M27	aydominal pain
M27	audominal pain
M27	andominal pain
M27	abdominal pain
M27	abeominal pain
M27	abcominal pain
M27	absominal pain
M27	abfominal pain
M27	abaominal pain
M27	abqominal pain
M27	abgominal pain
M27	abbominal pain
M27	abvominal pain
M27	abdominal pain
M27	abdiminal pain
M27	abdpminal pain
M27	abdkminal pain
M27	abdlminal pain
M27	abduminal pain
M27	abdjminal pain
M27	abdmminal pain
M27	abdominal pain
M27	abdoninal pain
M27	abdokinal pain
M27	abdojinal pain
M27	abdolinal pain
M27	abdooinal pain
M27	abdoiinal pain
M27	abdokinal pain
M27	abdominal pain
M27	abdomunal pain
M27	abdomonal pain
M27	abdomjnal pain
M27	abdomlnal pain
M27	abdomknal pain
M27	abdomynal pain
M27	abdomhnal pain
M27	abdomnnal pain
M27	abdommnal pain
M27	abdomlnal pain
M27	abdompnal pain
M27	abdominal pain
M27	abdomibal pain
M27	abdomimal pain
M27	abdomihal pain
M27	abdomijal pain
M27	abdomival pain
M27	abdomigal pain
M27	abdomital pain
M27	abdomiual pain
M27	abdomiial pain
M27	abdomikal pain
M27	abdominal pain
M27	abdominql pain
M27	abdominsl pain
M27	abdominzl pain
M27	abdominwl pain
M27	abdominxl pain
M27	abdominwl pain
M27	abdomindl pain
M27	abdomincl pain
M27	abdominel pain
M27	abdominal pain
M27	abdominao pain
M27	abdominak pain
M27	abdominam pain
M27	abdominap pain
M27	abdominau pain
M27	abdominaj pain
M27	abdominan pain
M27	abdominal pain
M27	abdominal lain
M27	abdominal oain
M27	abdominal [ain
M27	abdominal 'ain
M27	abdominal iain
M27	abdominal kain
M27	abdominal pain
M27	abdominal pqin
M27	abdominal psin
M27	abdominal pzin
M27	abdominal pwin
M27	abdominal pxin
M27	abdominal pwin
M27	abdominal pdin
M27	abdominal pcin
M27	abdominal pein
M27	abdominal pain
M27	abdominal paun
M27	abdominal paon
M27	abdominal pajn
M27	abdominal paln
M27	abdominal pakn
M27	abdominal payn
M27	abdominal pahn
M27	abdominal pann
M27	abdominal pamn
M27	abdominal paln
M27	abdominal papn
M27	abdominal pain
M27	abdominal paib
M27	abdominal paim
M27	abdominal paih
M27	abdominal paij
M27	abdominal paiv
M27	abdominal paig
M27	abdominal pait
M27	abdominal paiu
M27	abdominal paii
M27	abdominal paik
M28	wheezing
M28	qheezing
M28	eheezing
M28	sheezing
M28	aheezing
M28	dheezing
M28	rheezing
M28	fheezing
M28	cheezing
M28	xheezing
M28	wheezing
M28	wyeezing
M28	wneezing
M28	wgeezing
M28	wjeezing
M28	wfeezing
M28	wreezing
M28	wveezing
M28	wkeezing
M28	wieezing
M28	wmeezing
M28	wheezing
M28	whwezing
M28	whrezing
M28	whsezing
M28	whfezing
M28	whdezing
M28	whqezing
M28	whaezing
M28	whzezing
M28	whxezing
M28	whcezing
M28	whvezing
M28	whgezing
M28	whtezing
M28	wheezing
M28	whewzing
M28	wherzing
M28	wheszing
M28	whefzing
M28	whedzing
M28	wheqzing
M28	wheazing
M28	whezzing
M28	whexzing
M28	wheczing
M28	whevzing
M28	whegzing
M28	whetzing
M28	wheezing
M28	wheeaing
M28	wheexing
M28	wheesing
M28	wheeving
M28	wheeding
M28	wheeeing
M28	wheezing
M28	wheezung
M28	wheezong
M28	wheezjng
M28	wheezlng
M28	wheezkng
M28	wheezyng
M28	wheezhng
M28	wheeznng
M28	wheezmng
M28	wheezlng
M28	wheezpng
M28	wheezing
M28	wheezibg
M28	wheezimg
M28	wheezihg
M28	wheezijg
M28	wheezivg
M28	wheezigg
M28	wheezitg
M28	wheeziug
M28	wheeziig
M28	wheezikg
M28	wheezing
M28	wheezint
M28	wheezinb
M28	wheezinf
M28	wheezinh
M28	wheezine
M28	wheezind
M28	wheezinc
M28	wheeziny
M28	wheezinj
M28	wheezinn
M29	albuterol
M29	qlbuterol
M29	slbuterol
M29	zlbuterol
M29	wlbuterol
M29	xlbuterol
M29	wlbuterol
M29	dlbuterol
M29	clbuterol
M29	elbuterol
M29	albuterol
M29	aobuterol
M29	akbuterol
M29	ambuterol
M29	apbuterol
M29	aubuterol
M29	ajbuterol
M29	anbuterol
M29	albuterol
M29	alvuterol
M29	alnuterol
M29	alguterol
M29	alhuterol
M29	alcuterol
M29	alfuterol
M29	altuterol
M29	alyuterol
M29	aluuterol
M29	alnuterol
M29	albuterol
M29	albyterol
M29	albiterol
M29	albhterol
M29	albkterol
M29	albjterol
M29	albtterol
M29	albgterol
M29	albbterol
M29	albnterol
M29	albmterol
M29	alblterol
M29	alboterol
M29	albuterol
M29	alburerol
M29	albuyerol
M29	albuferol
M29	albuherol
M29	albugerol
M29	albueerol
M29	albuderol
M29	albucerol
M29	albuverol
M29	albuberol
M29	albunerol
M29	albujerol
M29	albuuerol
M29	albuterol
M29	albutwrol
M29	albutrrol
M29	albutsrol
M29	albutfrol
M29	albutdrol
M29	albutqrol
M29	albutarol
M29	albutzrol
M29	albutxrol
M29	albutcrol
M29	albutvrol
M29	albutgrol
M29	albuttrol
M29	albuterol
M29	albuteeol
M29	albutetol
M29	albutedol
M29	albutegol
M29	albutefol
M29	albutewol
M29	albutesol
M29	albutexol
M29	albutecol
M29	albutevol
M29	albutegol
M29	albutetol
M29	albuterol
M29	albuteril
M29	albuterpl
M29	albuterkl
M29	albuterll
M29	albuterul
M29	albuterjl
M29	albuterml
M29	albuterol
M29	albuteroo
M29	albuterok
M29	albuterom
M29	albuterop
M29	albuterou
M29	albuteroj
M29	albuteron
M30	urticaria
M30	yrticaria
M30	irticaria
M30	hrticaria
M30	krticaria
M30	jrticaria
M30	trticaria
M30	grticaria
M30	brticaria
M30	nrticaria
M30	mrticaria
M30	lrticaria
M30	orticaria
M30	urticaria
M30	ueticaria
M30	utticaria
M30	udticaria
M30	ugticaria
M30	ufticaria
M30	uwticaria
M30	usticaria
M30	uxticaria
M30	ucticaria
M30	uvticaria
M30	ugticaria
M30	utticaria
M30	urticaria
M30	urricaria
M30	uryicaria
M30	urficaria
M30	urhicaria
M30	urgicaria
M30	ureicaria
M30	urdicaria
M30	urcicaria
M30	urvicaria
M30	urbicaria
M30	urnicaria
M30	urjicaria
M30	uruicaria
M30	urticaria
M30	urtucaria
M30	urtocaria
M30	urtjcaria
M30	urtlcaria
M30	urtkcaria
M30	urtycaria
M30	urthcaria
M30	urtncaria
M30	urtmcaria
M30	urtlcaria
M30	urtpcaria
M30	urticaria
M30	urtixaria
M30	urtivaria
M30	urtidaria
M30	urtifaria
M30	urtizaria
M30	urtisaria
M30	urtiwaria
M30	urtiearia
M30	urtiraria
M30	urtigaria
M30	urtibaria
M30	urticaria
M30	urticqria
M30	urticsria
M30	urticzria
M30	urticwria
M30	urticxria
M30	urticwria
M30	urticdria
M30	urticcria
M30	urticeria
M30	urticaria
M30	urticaeia
M30	urticatia
M30	urticadia
M30	urticagia
M30	urticafia
M30	urticawia
M30	urticasia
M30	urticaxia
M30	urticacia
M30	urticavia
M30	urticagia
M30	urticatia
M30	urticaria
M30	urticarua
M30	urticaroa
M30	urticarja
M30	urticarla
M30	urticarka
M30	urticarya
M30	urticarha
M30	urticarna
M30	urticarma
M30	urticarla
M30	urticarpa
M30	urticaria
M30	urticariq
M30	urticaris
M30	urticariz
M30	urticariw
M30	urticarix
M30	urticariw
M30	urticarid
M30	urticaric
M30	urticarie
M31	anxiety
M31	qnxiety
M31	snxiety
M31	znxiety
M31	wnxiety
M31	xnxiety
M31	wnxiety
M31	dnxiety
M31	cnxiety
M31	enxiety
M31	anxiety
M31	abxiety
M31	amxiety
M31	ahxiety
M31	ajxiety
M31	avxiety
M31	agxiety
M31	atxiety
M31	auxiety
M31	aixiety
M31	akxiety
M31	anxiety
M31	anziety
M31	anciety
M31	ansiety
M31	andiety
M31	anbiety
M31	anviety
M31	anfiety
M31	anriety
M31	aneiety
M31	anwiety
M31	anqiety
M31	anxiety
M31	anxuety
M31	anxoety
M31	anxjety
M31	anxlety
M31	anxkety
M31	anxyety
M31	anxhety
M31	anxnety
M31	anxmety
M31	anxlety
M31	anxpety
M31	anxiety
M31	anxiwty
M31	anxirty
M31	anxisty
M31	anxifty
M31	anxidty
M31	anxiqty
M31	anxiaty
M31	anxizty
M31	anxixty
M31	anxicty
M31	anxivty
M31	anxigty
M31	anxitty
M31	anxiety
M31	anxiery
M31	anxieyy
M31	anxiefy
M31	anxiehy
M31	anxiegy
M31	anxieey
M31	anxiedy
M31	anxiecy
M31	anxievy
M31	anxieby
M31	anxieny
M31	anxiejy
M31	anxieuy
M31	anxiety
M31	anxiett
M31	anxietu
M31	anxietg
M31	anxietj
M31	anxieth
M31	anxietr
M31	anxietf
M31	anxietv
M31	anxietb
M31	anxietn
M31	anxietj
M31	anxieti
M32	gastroesophageal reflux disorder
M32	tastroesophageal reflux disorder
M32	bastroesophageal reflux disorder
M32	fastroesophageal reflux disorder
M32	hastroesophageal reflux disorder
M32	eastroesophageal reflux disorder
M32	dastroesophageal reflux disorder
M32	castroesophageal reflux disorder
M32	yastroesophageal reflux disorder
M32	jastroesophageal reflux disorder
M32	nastroesophageal reflux disorder
M32	gastroesophageal reflux disorder
M32	gqstroesophageal reflux disorder
M32	gsstroesophageal reflux disorder
M32	gzstroesophageal reflux disorder
M32	gwstroesophageal reflux disorder
M32	gxstroesophageal reflux disorder
M32	gwstroesophageal reflux disorder
M32	gdstroesophageal reflux disorder
M32	gcstroesophageal reflux disorder
M32	gestroesophageal reflux disorder
M32	gastroesophageal reflux disorder
M32	gawtroesophageal reflux disorder
M32	gaxtroesophageal reflux disorder
M32	gaatroesophageal reflux disorder
M32	gadtroesophageal reflux disorder
M32	gartroesophageal reflux disorder
M32	gaftroesophageal reflux disorder
M32	gavtroesophageal reflux disorder
M32	gastroesophageal reflux disorder
M32	gasrroesophageal reflux disorder
M32	gasyroesophageal reflux disorder
M32	gasfroesophageal reflux disorder
M32	gashroesophageal reflux disorder
M32	gasgroesophageal reflux disorder
M32	gaseroesophageal reflux disorder
M32	gasdroesophageal reflux disorder
M32	gascroesophageal reflux disorder
M32	gasvroesophageal reflux disorder
M32	gasbroesophageal reflux disorder
M32	gasnroesophageal reflux disorder
M32	gasjroesophageal reflux disorder
M32	gasuroesophageal reflux disorder
M32	gastroesophageal reflux disorder
M32	gasteoesophageal reflux disorder
M32	gasttoesophageal reflux disorder
M32	gastdoesophageal reflux disorder
M32	gastgoesophageal reflux disorder
M32	gastfoesophageal reflux disorder
M32	gastwoesophageal reflux disorder
M32	gastsoesophageal reflux disorder
M32	gastxoesophageal reflux disorder
M32	gastcoesophageal reflux disorder
M32	gastvoesophageal reflux disorder
M32	gastgoesophageal reflux disorder
M32	gasttoesophageal reflux disorder
M32	gastroesophageal reflux disorder
M32	gastriesophageal reflux disorder
M32	gastrpesophageal reflux disorder
M32	gastrkesophageal reflux disorder
M32	gastrlesophageal reflux disorder
M32	gastruesophageal reflux disorder
M32	gastrjesophageal reflux disorder
M32	gastrmesophageal reflux disorder
M32	gastroesophageal reflux disorder
M32	gastrowsophageal reflux disorder
M32	gastrorsophageal reflux disorder
M32	gastrossophageal reflux disorder
M32	gastrofsophageal reflux disorder
M32	gastrodsophageal reflux disorder
M32	gastroqsophageal reflux disorder
M32	gastroasophageal reflux disorder
M32	gastrozsophageal reflux disorder
M32	gastroxsophageal reflux disorder
M32	gastrocsophageal reflux disorder
M32	gastrovsophageal reflux disorder
M32	gastrogsophageal reflux disorder
M32	gastrotsophageal reflux disorder
M32	gastroesophageal reflux disorder
M32	gastroewophageal reflux disorder
M32	gastroexophageal reflux disorder
M32	gastroeaophageal reflux disorder
M32	gastroedophageal reflux disorder
M32	gastroerophageal reflux disorder
M32	gastroefophageal reflux disorder
M32	gastroevophageal reflux disorder
M32	gastroesophageal reflux disorder
M32	gastroesiphageal reflux disorder
M32	gastroespphageal reflux disorder
M32	gastroeskphageal reflux disorder
M32	gastroeslphageal reflux disorder
M32	gastroesuphageal reflux disorder
M32	gastroesjphageal reflux disorder
M32	gastroesmphageal reflux disorder
M32	gastroesophageal reflux disorder
M32	gastroesolhageal reflux disorder
M32	gastroesoohageal reflux disorder
M32	gastroeso[hageal reflux disorder
M32	gastroeso'hageal reflux disorder
M32	gastroesoihageal reflux disorder
M32	gastroesokhageal reflux disorder
M32	gastroesophageal reflux disorder
M32	gastroesopyageal reflux disorder
M32	gastroesopnageal reflux disorder
M32	gastroesopgageal reflux disorder
M32	gastroesopjageal reflux disorder
M32	gastroesopfageal reflux disorder
M32	gastroesoprageal reflux disorder
M32	gastroesopvageal reflux disorder
M32	gastroesopkageal reflux disorder
M32	gastroesopiageal reflux disorder
M32	gastroesopmageal reflux disorder
M32	gastroesophageal reflux disorder
M32	gastroesophqgeal reflux disorder
M32	gastroesophsgeal reflux disorder
M32	gastroesophzgeal reflux disorder
M32	gastroesophwgeal reflux disorder
M32	gastroesophxgeal reflux disorder
M32	gastroesophwgeal reflux disorder
M32	gastroesophdgeal reflux disorder
M32	gastroesophcgeal reflux disorder
M32	gastroesophegeal reflux disorder
M32	gastroesophageal reflux disorder
M32	gastroesophateal reflux disorder
M32	gastroesophabeal reflux disorder
M32	gastroesophafeal reflux disorder
M32	gastroesophaheal reflux disorder
M32	gastroesophaeeal reflux disorder
M32	gastroesophadeal reflux disorder
M32	gastroesophaceal reflux disorder
M32	gastroesophayeal reflux disorder
M32	gastroesophajeal reflux disorder
M32	gastroesophaneal reflux disorder
M32	gastroesophageal reflux disorder
M32	gastroesophagwal reflux disorder
M32	gastroesophagral reflux disorder
M32	gastroesophagsal reflux disorder
M32	gastroesophagfal reflux disorder
M32	gastroesophagdal reflux disorder
M32	gastroesophagqal reflux disorder
M32	gastroesophagaal reflux disorder
M32	gastroesophagzal reflux disorder
M32	gastroesophagxal reflux disorder
M32	gastroesophagcal reflux disorder
M32	gastroesophagval reflux disorder
M32	gastroesophaggal reflux disorder
M32	gastroesophagtal reflux disorder
M32	gastroesophageal reflux disorder
M32	gastroesophageql reflux disorder
M32	gastroesophagesl reflux disorder
M32	gastroesophagezl reflux disorder
M32	gastroesophagewl reflux disorder
M32	gastroesophagexl reflux disorder
M32	gastroesophagewl reflux disorder
M32	gastroesophagedl reflux disorder
M32	gastroesophagecl reflux disorder
M32	gastroesophageel reflux disorder
M32	gastroesophageal reflux disorder
M32	gastroesophageao reflux disorder
M32	gastroesophageak reflux disorder
M32	gastroesophageam reflux disorder
M32	gastroesophageap reflux disorder
M32	gastroesophageau reflux disorder
M32	gastroesophageaj reflux disorder
M32	gastroesophagean reflux disorder
M32	gastroesophageal reflux disorder
M32	gastroesophageal eeflux disorder
M32	gastroesophageal teflux disorder
M32	gastroesophageal deflux disorder
M32	gastroesophageal geflux disorder
M32	gastroesophageal feflux disorder
M32	gastroesophageal weflux disorder
M32	gastroesophageal seflux disorder
M32	gastroesophageal xeflux disorder
M32	gastroesophageal ceflux disorder
M32	gastroesophageal veflux disorder
M32	gastroesophageal geflux disorder
M32	gastroesophageal teflux disorder
M32	gastroesophageal reflux disorder
M32	gastroesophageal rwflux disorder
M32	gastroesophageal rrflux disorder
M32	gastroesophageal rsflux disorder
M32	gastroesophageal rfflux disorder
M32	gastroesophageal rdflux disorder
M32	gastroesophageal rqflux disorder
M32	gastroesophageal raflux disorder
M32	gastroesophageal rzflux disorder
M32	gastroesophageal rxflux disorder
M32	gastroesophageal rcflux disorder
M32	gastroesophageal rvflux disorder
M32	gastroesophageal rgflux disorder
M32	gastroesophageal rtflux disorder
M32	gastroesophageal reflux disorder
M32	gastroesophageal redlux disorder
M32	gastroesophageal reglux disorder
M32	gastroesophageal rerlux disorder
M32	gastroesophageal revlux disorder
M32	gastroesophageal rewlux disorder
M32	gastroesophageal reslux disorder
M32	gastroesophageal rexlux disorder
M32	gastroesophageal reylux disorder
M32	gastroesophageal rehlux disorder
M32	gastroesophageal renlux disorder
M32	gastroesophageal reflux disorder
M32	gastroesophageal refoux disorder
M32	gastroesophageal refkux disorder
M32	gastroesophageal refmux disorder
M32	gastroesophageal refpux disorder
M32	gastroesophageal refuux disorder
M32	gastroesophageal refjux disorder
M32	gastroesophageal refnux disorder
M32	gastroesophageal reflux disorder
M32	gastroesophageal reflyx disorder
M32	gastroesophageal reflix disorder
M32	gastroesophageal reflhx disorder
M32	gastroesophageal reflkx disorder
M32	gastroesophageal refljx disorder
M32	gastroesophageal refltx disorder
M32	gastroesophageal reflgx disorder
M32	gastroesophageal reflbx disorder
M32	gastroesophageal reflnx disorder
M32	gastroesophageal reflmx disorder
M32	gastroesophageal refllx disorder
M32	gastroesophageal reflox disorder
M32	gastroesophageal reflux disorder
M32	gastroesophageal refluz disorder
M32	gastroesophageal refluc disorder
M32	gastroesophageal reflus disorder
M32	gastroesophageal reflud disorder
M32	gastroesophageal reflub disorder
M32	gastroesophageal refluv disorder
M32	gastroesophageal refluf disorder
M32	gastroesophageal reflur disorder
M32	gastroesophageal reflue disorder
M32	gastroesophageal refluw disorder
M32	gastroesophageal refluq disorder
M32	gastroesophageal reflux disorder
M32	gastroesophageal reflux eisorder
M32	gastroesophageal reflux cisorder
M32	gastroesophageal reflux sisorder
M32	gastroesophageal reflux fisorder
M32	gastroesophageal reflux aisorder
M32	gastroesophageal reflux qisorder
M32	gastroesophageal reflux gisorder
M32	gastroesophageal reflux bisorder
M32	gastroesophageal reflux visorder
M32	gastroesophageal reflux disorder
M32	gastroesophageal reflux dusorder
M32	gastroesophageal reflux dosorder
M32	gastroesophageal reflux djsorder
M32	gastroesophageal reflux dlsorder
M32	gastroesophageal reflux dksorder
M32	gastroesophageal reflux dysorder
M32	gastroesophageal reflux dhsorder
M32	gastroesophageal reflux dnsorder
M32	gastroesophageal reflux dmsorder
M32	gastroesophageal reflux dlsorder
M32	gastroesophageal reflux dpsorder
M32	gastroesophageal reflux disorder
M32	gastroesophageal reflux diworder
M32	gastroesophageal reflux dixorder
M32	gastroesophageal reflux diaorder
M32	gastroesophageal reflux didorder
M32	gastroesophageal reflux dirorder
M32	gastroesophageal reflux diforder
M32	gastroesophageal reflux divorder
M32	gastroesophageal reflux disorder
M32	gastroesophageal reflux disirder
M32	gastroesophageal reflux disprder
M32	gastroesophageal reflux diskrder
M32	gastroesophageal reflux dislrder
M32	gastroesophageal reflux disurder
M32	gastroesophageal reflux disjrder
M32	gastroesophageal reflux dismrder
M32	gastroesophageal reflux disorder
M32	gastroesophageal reflux disoeder
M32	gastroesophageal reflux disotder
M32	gastroesophageal reflux disodder
M32	gastroesophageal reflux disogder
M32	gastroesophageal reflux disofder
M32	gastroesophageal reflux disowder
M32	gastroesophageal reflux disosder
M32	gastroesophageal reflux disoxder
M32	gastroesophageal reflux disocder
M32	gastroesophageal reflux disovder
M32	gastroesophageal reflux disogder
M32	gastroesophageal reflux disotder
M32	gastroesophageal reflux disorder
M32	gastroesophageal reflux disoreer
M32	gastroesophageal reflux disorcer
M32	gastroesophageal reflux disorser
M32	gastroesophageal reflux disorfer
M32	gastroesophageal reflux disoraer
M32	gastroesophageal reflux disorqer
M32	gastroesophageal reflux disorger
M32	gastroesophageal reflux disorber
M32	gastroesophageal reflux disorver
M32	gastroesophageal reflux disorder
M32	gastroesophageal reflux disordwr
M32	gastroesophageal reflux disordrr
M32	gastroesophageal reflux disordsr
M32	gastroesophageal reflux disordfr
M32	gastroesophageal reflux disorddr
M32	gastroesophageal reflux disordqr
M32	gastroesophageal reflux disordar
M32	gastroesophageal reflux disordzr
M32	gastroesophageal reflux disordxr
M32	gastroesophageal reflux disordcr
M32	gastroesophageal reflux disordvr
M32	gastroesophageal reflux disordgr
M32	gastroesophageal reflux disordtr
M32	gastroesophageal reflux disorder
M32	gastroesophageal reflux disordee
M32	gastroesophageal reflux disordet
M32	gastroesophageal reflux disorded
M32	gastroesophageal reflux disordeg
M32	gastroesophageal reflux disordef
M32	gastroesophageal reflux disordew
M32	gastroesophageal reflux disordes
M32	gastroesophageal reflux disordex
M32	gastroesophageal reflux disordec
M32	gastroesophageal reflux disordev
M32	gastroesophageal reflux disordeg
M32	gastroesophageal reflux disordet
M33	infection
M33	unfection
M33	onfection
M33	jnfection
M33	lnfection
M33	knfection
M33	ynfection
M33	hnfection
M33	nnfection
M33	mnfection
M33	lnfection
M33	pnfection
M33	infection
M33	ibfection
M33	imfection
M33	ihfection
M33	ijfection
M33	ivfection
M33	igfection
M33	itfection
M33	iufection
M33	iifection
M33	ikfection
M33	infection
M33	indection
M33	ingection
M33	inrection
M33	invection
M33	inwection
M33	insection
M33	inxection
M33	inyection
M33	inhection
M33	innection
M33	infection
M33	infwction
M33	infrction
M33	infsction
M33	inffction
M33	infdction
M33	infqction
M33	infaction
M33	infzction
M33	infxction
M33	infcction
M33	infvction
M33	infgction
M33	inftction
M33	infection
M33	infextion
M33	infevtion
M33	infedtion
M33	infeftion
M33	infeztion
M33	infestion
M33	infewtion
M33	infeetion
M33	infertion
M33	infegtion
M33	infebtion
M33	infection
M33	infecrion
M33	infecyion
M33	infecfion
M33	infechion
M33	infecgion
M33	infeceion
M33	infecdion
M33	infeccion
M33	infecvion
M33	infecbion
M33	infecnion
M33	infecjion
M33	infecuion
M33	infection
M33	infectuon
M33	infectoon
M33	infectjon
M33	infectlon
M33	infectkon
M33	infectyon
M33	infecthon
M33	infectnon
M33	infectmon
M33	infectlon
M33	infectpon
M33	infection
M33	infectiin
M33	infectipn
M33	infectikn
M33	infectiln
M33	infectiun
M33	infectijn
M33	infectimn
M33	infection
M33	infectiob
M33	infectiom
M33	infectioh
M33	infectioj
M33	infectiov
M33	infectiog
M33	infectiot
M33	infectiou
M33	infectioi
M33	infectiok
M34	oxygen
M34	ixygen
M34	pxygen
M34	kxygen
M34	lxygen
M34	uxygen
M34	jxygen
M34	mxygen
M34	oxygen
M34	ozygen
M34	ocygen
M34	osygen
M34	odygen
M34	obygen
M34	ovygen
M34	ofygen
M34	orygen
M34	oeygen
M34	owygen
M34	oqygen
M34	oxygen
M34	oxtgen
M34	oxugen
M34	oxggen
M34	oxjgen
M34	oxhgen
M34	oxrgen
M34	oxfgen
M34	oxvgen
M34	oxbgen
M34	oxngen
M34	oxjgen
M34	oxigen
M34	oxygen
M34	oxyten
M34	oxyben
M34	oxyfen
M34	oxyhen
M34	oxyeen
M34	oxyden
M34	oxycen
M34	oxyyen
M34	oxyjen
M34	oxynen
M34	oxygen
M34	oxygwn
M34	oxygrn
M34	oxygsn
M34	oxygfn
M34	oxygdn
M34	oxygqn
M34	oxygan
M34	oxygzn
M34	oxygxn
M34	oxygcn
M34	oxygvn
M34	oxyggn
M34	oxygtn
M34	oxygen
M34	oxygeb
M34	oxygem
M34	oxygeh
M34	oxygej
M34	oxygev
M34	oxygeg
M34	oxyget
M34	oxygeu
M34	oxygei
M34	oxygek
M35	penicillin
M35	lenicillin
M35	oenicillin
M35	[enicillin
M35	'enicillin
M35	ienicillin
M35	kenicillin
M35	penicillin
M35	pwnicillin
M35	prnicillin
M35	psnicillin
M35	pfnicillin
M35	pdnicillin
M35	pqnicillin
M35	panicillin
M35	pznicillin
M35	pxnicillin
M35	pcnicillin
M35	pvnicillin
M35	pgnicillin
M35	ptnicillin
M35	penicillin
M35	pebicillin
M35	pemicillin
M35	pehicillin
M35	pejicillin
M35	pevicillin
M35	pegicillin
M35	peticillin
M35	peuicillin
M35	peiicillin
M35	pekicillin
M35	penicillin
M35	penucillin
M35	penocillin
M35	penjcillin
M35	penlcillin
M35	penkcillin
M35	penycillin
M35	penhcillin
M35	penncillin
M35	penmcillin
M35	penlcillin
M35	penpcillin
M35	penicillin
M35	penixillin
M35	penivillin
M35	penidillin
M35	penifillin
M35	penizillin
M35	penisillin
M35	peniwillin
M35	penieillin
M35	penirillin
M35	penigillin
M35	penibillin
M35	penicillin
M35	penicullin
M35	penicollin
M35	penicjllin
M35	peniclllin
M35	penickllin
M35	penicyllin
M35	penichllin
M35	penicnllin
M35	penicmllin
M35	peniclllin
M35	penicpllin
M35	penicillin
M35	peniciolin
M35	peniciklin
M35	penicimlin
M35	peniciplin
M35	peniciulin
M35	penicijlin
M35	penicinlin
M35	penicillin
M35	peniciloin
M35	penicilkin
M35	penicilmin
M35	penicilpin
M35	peniciluin
M35	peniciljin
M35	penicilnin
M35	penicillin
M35	penicillun
M35	penicillon
M35	penicilljn
M35	penicillln
M35	penicillkn
M35	penicillyn
M35	penicillhn
M35	penicillnn
M35	penicillmn
M35	penicillln
M35	penicillpn
M35	penicillin
M35	penicillib
M35	penicillim
M35	penicillih
M35	penicillij
M35	penicilliv
M35	penicillig
M35	penicillit
M35	penicilliu
M35	penicillii
M35	penicillik
M36	sputum
M36	wputum
M36	xputum
M36	aputum
M36	dputum
M36	rputum
M36	fputum
M36	vputum
M36	sputum
M36	slutum
M36	soutum
M36	s[utum
M36	s'utum
M36	siutum
M36	skutum
M36	sputum
M36	spytum
M36	spitum
M36	sphtum
M36	spktum
M36	spjtum
M36	spttum
M36	spgtum
M36	spbtum
M36	spntum
M36	spmtum
M36	spltum
M36	spotum
M36	sputum
M36	spurum
M36	spuyum
M36	spufum
M36	spuhum
M36	spugum
M36	spueum
M36	spudum
M36	spucum
M36	spuvum
M36	spubum
M36	spunum
M36	spujum
M36	spuuum
M36	sputum
M36	sputym
M36	sputim
M36	sputhm
M36	sputkm
M36	sputjm
M36	sputtm
M36	sputgm
M36	sputbm
M36	sputnm
M36	sputmm
M36	sputlm
M36	sputom
M36	sputum
M36	sputun
M36	sputuk
M36	sputuj
M36	sputul
M36	sputuo
M36	sputui
M36	sputuk
M37	sepsis
M37	wepsis
M37	xepsis
M37	aepsis
M37	depsis
M37	repsis
M37	fepsis
M37	vepsis
M37	sepsis
M37	swpsis
M37	srpsis
M37	sspsis
M37	sfpsis
M37	sdpsis
M37	sqpsis
M37	sapsis
M37	szpsis
M37	sxpsis
M37	scpsis
M37	svpsis
M37	sgpsis
M37	stpsis
M37	sepsis
M37	selsis
M37	seosis
M37	se[sis
M37	se'sis
M37	seisis
M37	seksis
M37	sepsis
M37	sepwis
M37	sepxis
M37	sepais
M37	sepdis
M37	sepris
M37	sepfis
M37	sepvis
M37	sepsis
M37	sepsus
M37	sepsos
M37	sepsjs
M37	sepsls
M37	sepsks
M37	sepsys
M37	sepshs
M37	sepsns
M37	sepsms
M37	sepsls
M37	sepsps
M37	sepsis
M37	sepsiw
M37	sepsix
M37	sepsia
M37	sepsid
M37	sepsir
M37	sepsif
M37	sepsiv
M38	upper respiratory infection
M38	ypper respiratory infection
M38	ipper respiratory infection
M38	hpper respiratory infection
M38	kpper respiratory infection
M38	jpper respiratory infection
M38	tpper respiratory infection
M38	gpper respiratory infection
M38	bpper respiratory infection
M38	npper respiratory infection
M38	mpper respiratory infection
M38	lpper respiratory infection
M38	opper respiratory infection
M38	upper respiratory infection
M38	ulper respiratory infection
M38	uoper respiratory infection
M38	u[per respiratory infection
M38	u'per respiratory infection
M38	uiper respiratory infection
M38	ukper respiratory infection
M38	upper respiratory infection
M38	upler respiratory infection
M38	upoer respiratory infection
M38	up[er respiratory infection
M38	up'er respiratory infection
M38	upier respiratory infection
M38	upker respiratory infection
M38	upper respiratory infection
M38	uppwr respiratory infection
M38	upprr respiratory infection
M38	uppsr respiratory infection
M38	uppfr respiratory infection
M38	uppdr respiratory infection
M38	uppqr respiratory infection
M38	uppar respiratory infection
M38	uppzr respiratory infection
M38	uppxr respiratory infection
M38	uppcr respiratory infection
M38	uppvr respiratory infection
M38	uppgr respiratory infection
M38	upptr respiratory infection
M38	upper respiratory infection
M38	uppee respiratory infection
M38	uppet respiratory infection
M38	upped respiratory infection
M38	uppeg respiratory infection
M38	uppef respiratory infection
M38	uppew respiratory infection
M38	uppes respiratory infection
M38	uppex respiratory infection
M38	uppec respiratory infection
M38	uppev respiratory infection
M38	uppeg respiratory infection
M38	uppet respiratory infection
M38	upper respiratory infection
M38	upper eespiratory infection
M38	upper tespiratory infection
M38	upper despiratory infection
M38	upper gespiratory infection
M38	upper fespiratory infection
M38	upper wespiratory infection
M38	upper sespiratory infection
M38	upper xespiratory infection
M38	upper cespiratory infection
M38	upper vespiratory infection
M38	upper gespiratory infection
M38	upper tespiratory infection
M38	upper respiratory infection
M38	upper rwspiratory infection
M38	upper rrspiratory infection
M38	upper rsspiratory infection
M38	upper rfspiratory infection
M38	upper rdspiratory infection
M38	upper rqspiratory infection
M38	upper raspiratory infection
M38	upper rzspiratory infection
M38	upper rxspiratory infection
M38	upper rcspiratory infection
M38	upper rvspiratory infection
M38	upper rgspiratory infection
M38	upper rtspiratory infection
M38	upper respiratory infection
M38	upper rewpiratory infection
M38	upper rexpiratory infection
M38	upper reapiratory infection
M38	upper redpiratory infection
M38	upper rerpiratory infection
M38	upper refpiratory infection
M38	upper revpiratory infection
M38	upper respiratory infection
M38	upper resliratory infection
M38	upper resoiratory infection
M38	upper res[iratory infection
M38	upper res'iratory infection
M38	upper resiiratory infection
M38	upper reskiratory infection
M38	upper respiratory infection
M38	upper respuratory infection
M38	upper resporatory infection
M38	upper respjratory infection
M38	upper resplratory infection
M38	upper respkratory infection
M38	upper respyratory infection
M38	upper resphratory infection
M38	upper respnratory infection
M38	upper respmratory infection
M38	upper resplratory infection
M38	upper resppratory infection
M38	upper respiratory infection
M38	upper respieatory infection
M38	upper respitatory infection
M38	upper respidatory infection
M38	upper respigatory infection
M38	upper respifatory infection
M38	upper respiwatory infection
M38	upper respisatory infection
M38	upper respixatory infection
M38	upper respicatory infection
M38	upper respivatory infection
M38	upper respigatory infection
M38	upper respitatory infection
M38	upper respiratory infection
M38	upper respirqtory infection
M38	upper respirstory infection
M38	upper respirztory infection
M38	upper respirwtory infection
M38	upper respirxtory infection
M38	upper respirwtory infection
M38	upper respirdtory infection
M38	upper respirctory infection
M38	upper respiretory infection
M38	upper respiratory infection
M38	upper respirarory infection
M38	upper respirayory infection
M38	upper respirafory infection
M38	upper respirahory infection
M38	upper respiragory infection
M38	upper respiraeory infection
M38	upper respiradory infection
M38	upper respiracory infection
M38	upper respiravory infection
M38	upper respirabory infection
M38	upper respiranory infection
M38	upper respirajory infection
M38	upper respirauory infection
M38	upper respiratory infection
M38	upper respiratiry infection
M38	upper respiratpry infection
M38	upper respiratkry infection
M38	upper respiratlry infection
M38	upper respiratury infection
M38	upper respiratjry infection
M38	upper respiratmry infection
M38	upper respiratory infection
M38	upper respiratoey infection
M38	upper respiratoty infection
M38	upper respiratody infection
M38	upper respiratogy infection
M38	upper respiratofy infection
M38	upper respiratowy infection
M38	upper respiratosy infection
M38	upper respiratoxy infection
M38	upper respiratocy infection
M38	upper respiratovy infection
M38	upper respiratogy infection
M38	upper respiratoty infection
M38	upper respiratory infection
M38	upper respiratort infection
M38	upper respiratoru infection
M38	upper respiratorg infection
M38	upper respiratorj infection
M38	upper respiratorh infection
M38	upper respiratorr infection
M38	upper respiratorf infection
M38	upper respiratorv infection
M38	upper respiratorb infection
M38	upper respiratorn infection
M38	upper respiratorj infection
M38	upper respiratori infection
M38	upper respiratory infection
M38	upper respiratory unfection
M38	upper respiratory onfection
M38	upper respiratory jnfection
M38	upper respiratory lnfection
M38	upper respiratory knfection
M38	upper respiratory ynfection
M38	upper respiratory hnfection
M38	upper respiratory nnfection
M38	upper respiratory mnfection
M38	upper respiratory lnfection
M38	upper respiratory pnfection
M38	upper respiratory infection
M38	upper respiratory ibfection
M38	upper respiratory imfection
M38	upper respiratory ihfection
M38	upper respiratory ijfection
M38	upper respiratory ivfection
M38	upper respiratory igfection
M38	upper respiratory itfection
M38	upper respiratory iufection
M38	upper respiratory iifection
M38	upper respiratory ikfection
M38	upper respiratory infection
M38	upper respiratory indection
M38	upper respiratory ingection
M38	upper respiratory inrection
M38	upper respiratory invection
M38	upper respiratory inwection
M38	upper respiratory insection
M38	upper respiratory inxection
M38	upper respiratory inyection
M38	upper respiratory inhection
M38	upper respiratory innection
M38	upper respiratory infection
M38	upper respiratory infwction
M38	upper respiratory infrction
M38	upper respiratory infsction
M38	upper respiratory inffction
M38	upper respiratory infdction
M38	upper respiratory infqction
M38	upper respiratory infaction
M38	upper respiratory infzction
M38	upper respiratory infxction
M38	upper respiratory infcction
M38	upper respiratory infvction
M38	upper respiratory infgction
M38	upper respiratory inftction
M38	upper respiratory infection
M38	upper respiratory infextion
M38	upper respiratory infevtion
M38	upper respiratory infedtion
M38	upper respiratory infeftion
M38	upper respiratory infeztion
M38	upper respiratory infestion
M38	upper respiratory infewtion
M38	upper respiratory infeetion
M38	upper respiratory infertion
M38	upper respiratory infegtion
M38	upper respiratory infebtion
M38	upper respiratory infection
M38	upper respiratory infecrion
M38	upper respiratory infecyion
M38	upper respiratory infecfion
M38	upper respiratory infechion
M38	upper respiratory infecgion
M38	upper respiratory infeceion
M38	upper respiratory infecdion
M38	upper respiratory infeccion
M38	upper respiratory infecvion
M38	upper respiratory infecbion
M38	upper respiratory infecnion
M38	upper respiratory infecjion
M38	upper respiratory infecuion
M38	upper respiratory infection
M38	upper respiratory infectuon
M38	upper respiratory infectoon
M38	upper respiratory infectjon
M38	upper respiratory infectlon
M38	upper respiratory infectkon
M38	upper respiratory infectyon
M38	upper respiratory infecthon
M38	upper respiratory infectnon
M38	upper respiratory infectmon
M38	upper respiratory infectlon
M38	upper respiratory infectpon
M38	upper respiratory infection
M38	upper respiratory infectiin
M38	upper respiratory infectipn
M38	upper respiratory infectikn
M38	upper respiratory infectiln
M38	upper respiratory infectiun
M38	upper respiratory infectijn
M38	upper respiratory infectimn
M38	upper respiratory infection
M38	upper respiratory infectiob
M38	upper respiratory infectiom
M38	upper respiratory infectioh
M38	upper respiratory infectioj
M38	upper respiratory infectiov
M38	upper respiratory infectiog
M38	upper respiratory infectiot
M38	upper respiratory infectiou
M38	upper respiratory infectioi
M38	upper respiratory infectiok
M39	weakness
M39	qeakness
M39	eeakness
M39	seakness
M39	aeakness
M39	deakness
M39	reakness
M39	feakness
M39	ceakness
M39	xeakness
M39	weakness
M39	wwakness
M39	wrakness
M39	wsakness
M39	wfakness
M39	wdakness
M39	wqakness
M39	waakness
M39	wzakness
M39	wxakness
M39	wcakness
M39	wvakness
M39	wgakness
M39	wtakness
M39	weakness
M39	weqkness
M39	weskness
M39	wezkness
M39	wewkness
M39	wexkness
M39	wewkness
M39	wedkness
M39	weckness
M39	weekness
M39	weakness
M39	weajness
M39	wealness
M39	weainess
M39	weanness
M39	weayness
M39	weahness
M39	weanness
M39	weakness
M39	weakbess
M39	weakmess
M39	weakhess
M39	weakjess
M39	weakvess
M39	weakgess
M39	weaktess
M39	weakuess
M39	weakiess
M39	weakkess
M39	weakness
M39	weaknwss
M39	weaknrss
M39	weaknsss
M39	weaknfss
M39	weakndss
M39	weaknqss
M39	weaknass
M39	weaknzss
M39	weaknxss
M39	weakncss
M39	weaknvss
M39	weakngss
M39	weakntss
M39	weakness
M39	weaknews
M39	weaknexs
M39	weakneas
M39	weakneds
M39	weakners
M39	weaknefs
M39	weaknevs
M39	weakness
M39	weaknesw
M39	weaknesx
M39	weaknesa
M39	weaknesd
M39	weaknesr
M39	weaknesf
M39	weaknesv
M40	asthma
M40	qsthma
M40	ssthma
M40	zsthma
M40	wsthma
M40	xsthma
M40	wsthma
M40	dsthma
M40	csthma
M40	esthma
M40	asthma
M40	awthma
M40	axthma
M40	aathma
M40	adthma
M40	arthma
M40	afthma
M40	avthma
M40	asthma
M40	asrhma
M40	asyhma
M40	asfhma
M40	ashhma
M40	asghma
M40	asehma
M40	asdhma
M40	aschma
M40	asvhma
M40	asbhma
M40	asnhma
M40	asjhma
M40	asuhma
M40	asthma
M40	astyma
M40	astnma
M40	astgma
M40	astjma
M40	astfma
M40	astrma
M40	astvma
M40	astkma
M40	astima
M40	astmma
M40	asthma
M40	asthna
M40	asthka
M40	asthja
M40	asthla
M40	asthoa
M40	asthia
M40	asthka
M40	asthma
M40	asthmq
M40	asthms
M40	asthmz
M40	asthmw
M40	asthmx
M40	asthmw
M40	asthmd
M40	asthmc
M40	asthme
M41	rales
M41	eales
M41	tales
M41	dales
M41	gales
M41	fales
M41	wales
M41	sales
M41	xales
M41	cales
M41	vales
M41	gales
M41	tales
M41	rales
M41	rqles
M41	rsles
M41	rzles
M41	rwles
M41	rxles
M41	rwles
M41	rdles
M41	rcles
M41	reles
M41	rales
M41	raoes
M41	rakes
M41	rames
M41	rapes
M41	raues
M41	rajes
M41	ranes
M41	rales
M41	ralws
M41	ralrs
M41	ralss
M41	ralfs
M41	ralds
M41	ralqs
M41	ralas
M41	ralzs
M41	ralxs
M41	ralcs
M41	ralvs
M41	ralgs
M41	ralts
M41	rales
M41	ralew
M41	ralex
M41	ralea
M41	raled
M41	raler
M41	ralef
M41	ralev
M42	anemia
M42	qnemia
M42	snemia
M42	znemia
M42	wnemia
M42	xnemia
M42	wnemia
M42	dnemia
M42	cnemia
M42	enemia
M42	anemia
M42	abemia
M42	amemia
M42	ahemia
M42	ajemia
M42	avemia
M42	agemia
M42	atemia
M42	auemia
M42	aiemia
M42	akemia
M42	anemia
M42	anwmia
M42	anrmia
M42	ansmia
M42	anfmia
M42	andmia
M42	anqmia
M42	anamia
M42	anzmia
M42	anxmia
M42	ancmia
M42	anvmia
M42	angmia
M42	antmia
M42	anemia
M42	anenia
M42	anekia
M42	anejia
M42	anelia
M42	aneoia
M42	aneiia
M42	anekia
M42	anemia
M42	anemua
M42	anemoa
M42	anemja
M42	anemla
M42	anemka
M42	anemya
M42	anemha
M42	anemna
M42	anemma
M42	anemla
M42	anempa
M42	anemia
M42	anemiq
M42	anemis
M42	anemiz
M42	anemiw
M42	anemix
M42	anemiw
M42	anemid
M42	anemic
M42	anemie
M43	hyperlipidemia
M43	yyperlipidemia
M43	nyperlipidemia
M43	gyperlipidemia
M43	jyperlipidemia
M43	fyperlipidemia
M43	ryperlipidemia
M43	vyperlipidemia
M43	kyperlipidemia
M43	iyperlipidemia
M43	myperlipidemia
M43	hyperlipidemia
M43	htperlipidemia
M43	huperlipidemia
M43	hgperlipidemia
M43	hjperlipidemia
M43	hhperlipidemia
M43	hrperlipidemia
M43	hfperlipidemia
M43	hvperlipidemia
M43	hbperlipidemia
M43	hnperlipidemia
M43	hjperlipidemia
M43	hiperlipidemia
M43	hyperlipidemia
M43	hylerlipidemia
M43	hyoerlipidemia
M43	hy[erlipidemia
M43	hy'erlipidemia
M43	hyierlipidemia
M43	hykerlipidemia
M43	hyperlipidemia
M43	hypwrlipidemia
M43	hyprrlipidemia
M43	hypsrlipidemia
M43	hypfrlipidemia
M43	hypdrlipidemia
M43	hypqrlipidemia
M43	hyparlipidemia
M43	hypzrlipidemia
M43	hypxrlipidemia
M43	hypcrlipidemia
M43	hypvrlipidemia
M43	hypgrlipidemia
M43	hyptrlipidemia
M43	hyperlipidemia
M43	hypeelipidemia
M43	hypetlipidemia
M43	hypedlipidemia
M43	hypeglipidemia
M43	hypeflipidemia
M43	hypewlipidemia
M43	hypeslipidemia
M43	hypexlipidemia
M43	hypeclipidemia
M43	hypevlipidemia
M43	hypeglipidemia
M43	hypetlipidemia
M43	hyperlipidemia
M43	hyperoipidemia
M43	hyperkipidemia
M43	hypermipidemia
M43	hyperpipidemia
M43	hyperuipidemia
M43	hyperjipidemia
M43	hypernipidemia
M43	hyperlipidemia
M43	hyperlupidemia
M43	hyperlopidemia
M43	hyperljpidemia
M43	hyperllpidemia
M43	hyperlkpidemia
M43	hyperlypidemia
M43	hyperlhpidemia
M43	hyperlnpidemia
M43	hyperlmpidemia
M43	hyperllpidemia
M43	hyperlppidemia
M43	hyperlipidemia
M43	hyperlilidemia
M43	hyperlioidemia
M43	hyperli[idemia
M43	hyperli'idemia
M43	hyperliiidemia
M43	hyperlikidemia
M43	hyperlipidemia
M43	hyperlipudemia
M43	hyperlipodemia
M43	hyperlipjdemia
M43	hyperlipldemia
M43	hyperlipkdemia
M43	hyperlipydemia
M43	hyperliphdemia
M43	hyperlipndemia
M43	hyperlipmdemia
M43	hyperlipldemia
M43	hyperlippdemia
M43	hyperlipidemia
M43	hyperlipieemia
M43	hyperlipicemia
M43	hyperlipisemia
M43	hyperlipifemia
M43	hyperlipiaemia
M43	hyperlipiqemia
M43	hyperlipigemia
M43	hyperlipibemia
M43	hyperlipivemia
M43	hyperlipidemia
M43	hyperlipidwmia
M43	hyperlipidrmia
M43	hyperlipidsmia
M43	hyperlipidfmia
M43	hyperlipiddmia
M43	hyperlipidqmia
M43	hyperlipidamia
M43	hyperlipidzmia
M43	hyperlipidxmia
M43	hyperlipidcmia
M43	hyperlipidvmia
M43	hyperlipidgmia
M43	hyperlipidtmia
M43	hyperlipidemia
M43	hyperlipidenia
M43	hyperlipidekia
M43	hyperlipidejia
M43	hyperlipidelia
M43	hyperlipideoia
M43	hyperlipideiia
M43	hyperlipidekia
M43	hyperlipidemia
M43	hyperlipidemua
M43	hyperlipidemoa
M43	hyperlipidemja
M43	hyperlipidemla
M43	hyperlipidemka
M43	hyperlipidemya
M43	hyperlipidemha
M43	hyperlipidemna
M43	hyperlipidemma
M43	hyperlipidemla
M43	hyperlipidempa
M43	hyperlipidemia
M43	hyperlipidemiq
M43	hyperlipidemis
M43	hyperlipidemiz
M43	hyperlipidemiw
M43	hyperlipidemix
M43	hyperlipidemiw
M43	hyperlipidemid
M43	hyperlipidemic
M43	hyperlipidemie
M44	anaphylaxis
M44	qnaphylaxis
M44	snaphylaxis
M44	znaphylaxis
M44	wnaphylaxis
M44	xnaphylaxis
M44	wnaphylaxis
M44	dnaphylaxis
M44	cnaphylaxis
M44	enaphylaxis
M44	anaphylaxis
M44	abaphylaxis
M44	amaphylaxis
M44	ahaphylaxis
M44	ajaphylaxis
M44	avaphylaxis
M44	agaphylaxis
M44	ataphylaxis
M44	auaphylaxis
M44	aiaphylaxis
M44	akaphylaxis
M44	anaphylaxis
M44	anqphylaxis
M44	ansphylaxis
M44	anzphylaxis
M44	anwphylaxis
M44	anxphylaxis
M44	anwphylaxis
M44	andphylaxis
M44	ancphylaxis
M44	anephylaxis
M44	anaphylaxis
M44	analhylaxis
M44	anaohylaxis
M44	ana[hylaxis
M44	ana'hylaxis
M44	anaihylaxis
M44	anakhylaxis
M44	anaphylaxis
M44	anapyylaxis
M44	anapnylaxis
M44	anapgylaxis
M44	anapjylaxis
M44	anapfylaxis
M44	anaprylaxis
M44	anapvylaxis
M44	anapkylaxis
M44	anapiylaxis
M44	anapmylaxis
M44	anaphylaxis
M44	anaphtlaxis
M44	anaphulaxis
M44	anaphglaxis
M44	anaphjlaxis
M44	anaphhlaxis
M44	anaphrlaxis
M44	anaphflaxis
M44	anaphvlaxis
M44	anaphblaxis
M44	anaphnlaxis
M44	anaphjlaxis
M44	anaphilaxis
M44	anaphylaxis
M44	anaphyoaxis
M44	anaphykaxis
M44	anaphymaxis
M44	anaphypaxis
M44	anaphyuaxis
M44	anaphyjaxis
M44	anaphynaxis
M44	anaphylaxis
M44	anaphylqxis
M44	anaphylsxis
M44	anaphylzxis
M44	anaphylwxis
M44	anaphylxxis
M44	anaphylwxis
M44	anaphyldxis
M44	anaphylcxis
M44	anaphylexis
M44	anaphylaxis
M44	anaphylazis
M44	anaphylacis
M44	anaphylasis
M44	anaphyladis
M44	anaphylabis
M44	anaphylavis
M44	anaphylafis
M44	anaphylaris
M44	anaphylaeis
M44	anaphylawis
M44	anaphylaqis
M44	anaphylaxis
M44	anaphylaxus
M44	anaphylaxos
M44	anaphylaxjs
M44	anaphylaxls
M44	anaphylaxks
M44	anaphylaxys
M44	anaphylaxhs
M44	anaphylaxns
M44	anaphylaxms
M44	anaphylaxls
M44	anaphylaxps
M44	anaphylaxis
M44	anaphylaxiw
M44	anaphylaxix
M44	anaphylaxia
M44	anaphylaxid
M44	anaphylaxir
M44	anaphylaxif
M44	anaphylaxiv
M45	ibuprofen
M45	ubuprofen
M45	obuprofen
M45	jbuprofen
M45	lbuprofen
M45	kbuprofen
M45	ybuprofen
M45	hbuprofen
M45	nbuprofen
M45	mbuprofen
M45	lbuprofen
M45	pbuprofen
M45	ibuprofen
M45	ivuprofen
M45	inuprofen
M45	iguprofen
M45	ihuprofen
M45	icuprofen
M45	ifuprofen
M45	ituprofen
M45	iyuprofen
M45	iuuprofen
M45	inuprofen
M45	ibuprofen
M45	ibyprofen
M45	ibiprofen
M45	ibhprofen
M45	ibkprofen
M45	ibjprofen
M45	ibtprofen
M45	ibgprofen
M45	ibbprofen
M45	ibnprofen
M45	ibmprofen
M45	iblprofen
M45	iboprofen
M45	ibuprofen
M45	ibulrofen
M45	ibuorofen
M45	ibu[rofen
M45	ibu'rofen
M45	ibuirofen
M45	ibukrofen
M45	ibuprofen
M45	ibupeofen
M45	ibuptofen
M45	ibupdofen
M45	ibupgofen
M45	ibupfofen
M45	ibupwofen
M45	ibupsofen
M45	ibupxofen
M45	ibupcofen
M45	ibupvofen
M45	ibupgofen
M45	ibuptofen
M45	ibuprofen
M45	ibuprifen
M45	ibuprpfen
M45	ibuprkfen
M45	ibuprlfen
M45	ibuprufen
M45	ibuprjfen
M45	ibuprmfen
M45	ibuprofen
M45	ibuproden
M45	ibuprogen
M45	ibuproren
M45	ibuproven
M45	ibuprowen
M45	ibuprosen
M45	ibuproxen
M45	ibuproyen
M45	ibuprohen
M45	ibupronen
M45	ibuprofen
M45	ibuprofwn
M45	ibuprofrn
M45	ibuprofsn
M45	ibuproffn
M45	ibuprofdn
M45	ibuprofqn
M45	ibuprofan
M45	ibuprofzn
M45	ibuprofxn
M45	ibuprofcn
M45	ibuprofvn
M45	ibuprofgn
M45	ibuproftn
M45	ibuprofen
M45	ibuprofeb
M45	ibuprofem
M45	ibuprofeh
M45	ibuprofej
M45	ibuprofev
M45	ibuprofeg
M45	ibuprofet
M45	ibuprofeu
M45	ibuprofei
M45	ibuprofek
M46	marijuana
M46	narijuana
M46	karijuana
M46	jarijuana
M46	larijuana
M46	oarijuana
M46	iarijuana
M46	karijuana
M46	marijuana
M46	mqrijuana
M46	msrijuana
M46	mzrijuana
M46	mwrijuana
M46	mxrijuana
M46	mwrijuana
M46	mdrijuana
M46	mcrijuana
M46	merijuana
M46	marijuana
M46	maeijuana
M46	matijuana
M46	madijuana
M46	magijuana
M46	mafijuana
M46	mawijuana
M46	masijuana
M46	maxijuana
M46	macijuana
M46	mavijuana
M46	magijuana
M46	matijuana
M46	marijuana
M46	marujuana
M46	marojuana
M46	marjjuana
M46	marljuana
M46	markjuana
M46	maryjuana
M46	marhjuana
M46	marnjuana
M46	marmjuana
M46	marljuana
M46	marpjuana
M46	marijuana
M46	marihuana
M46	marikuana
M46	marinuana
M46	mariuuana
M46	mariguana
M46	marituana
M46	maribuana
M46	mariluana
M46	mariouana
M46	marimuana
M46	marijuana
M46	marijyana
M46	marijiana
M46	marijhana
M46	marijkana
M46	marijjana
M46	marijtana
M46	marijgana
M46	marijbana
M46	marijnana
M46	marijmana
M46	marijlana
M46	marijoana
M46	marijuana
M46	marijuqna
M46	marijusna
M46	marijuzna
M46	marijuwna
M46	marijuxna
M46	marijuwna
M46	marijudna
M46	marijucna
M46	marijuena
M46	marijuana
M46	marijuaba
M46	marijuama
M46	marijuaha
M46	marijuaja
M46	marijuava
M46	marijuaga
M46	marijuata
M46	marijuaua
M46	marijuaia
M46	marijuaka
M46	marijuana
M46	marijuanq
M46	marijuans
M46	marijuanz
M46	marijuanw
M46	marijuanx
M46	marijuanw
M46	marijuand
M46	marijuanc
M46	marijuane
M47	tachypnea
M47	rachypnea
M47	yachypnea
M47	fachypnea
M47	hachypnea
M47	gachypnea
M47	eachypnea
M47	dachypnea
M47	cachypnea
M47	vachypnea
M47	bachypnea
M47	nachypnea
M47	jachypnea
M47	uachypnea
M47	tachypnea
M47	tqchypnea
M47	tschypnea
M47	tzchypnea
M47	twchypnea
M47	txchypnea
M47	twchypnea
M47	tdchypnea
M47	tcchypnea
M47	techypnea
M47	tachypnea
M47	taxhypnea
M47	tavhypnea
M47	tadhypnea
M47	tafhypnea
M47	tazhypnea
M47	tashypnea
M47	tawhypnea
M47	taehypnea
M47	tarhypnea
M47	taghypnea
M47	tabhypnea
M47	tachypnea
M47	tacyypnea
M47	tacnypnea
M47	tacgypnea
M47	tacjypnea
M47	tacfypnea
M47	tacrypnea
M47	tacvypnea
M47	tackypnea
M47	taciypnea
M47	tacmypnea
M47	tachypnea
M47	tachtpnea
M47	tachupnea
M47	tachgpnea
M47	tachjpnea
M47	tachhpnea
M47	tachrpnea
M47	tachfpnea
M47	tachvpnea
M47	tachbpnea
M47	tachnpnea
M47	tachjpnea
M47	tachipnea
M47	tachypnea
M47	tachylnea
M47	tachyonea
M47	tachy[nea
M47	tachy'nea
M47	tachyinea
M47	tachyknea
M47	tachypnea
M47	tachypbea
M47	tachypmea
M47	tachyphea
M47	tachypjea
M47	tachypvea
M47	tachypgea
M47	tachyptea
M47	tachypuea
M47	tachypiea
M47	tachypkea
M47	tachypnea
M47	tachypnwa
M47	tachypnra
M47	tachypnsa
M47	tachypnfa
M47	tachypnda
M47	tachypnqa
M47	tachypnaa
M47	tachypnza
M47	tachypnxa
M47	tachypnca
M47	tachypnva
M47	tachypnga
M47	tachypnta
M47	tachypnea
M47	tachypneq
M47	tachypnes
M47	tachypnez
M47	tachypnew
M47	tachypnex
M47	tachypnew
M47	tachypned
M47	tachypnec
M47	tachypnee
M48	respiratory distress
M48	eespiratory distress
M48	tespiratory distress
M48	despiratory distress
M48	gespiratory distress
M48	fespiratory distress
M48	wespiratory distress
M48	sespiratory distress
M48	xespiratory distress
M48	cespiratory distress
M48	vespiratory distress
M48	gespiratory distress
M48	tespiratory distress
M48	respiratory distress
M48	rwspiratory distress
M48	rrspiratory distress
M48	rsspiratory distress
M48	rfspiratory distress
M48	rdspiratory distress
M48	rqspiratory distress
M48	raspiratory distress
M48	rzspiratory distress
M48	rxspiratory distress
M48	rcspiratory distress
M48	rvspiratory distress
M48	rgspiratory distress
M48	rtspiratory distress
M48	respiratory distress
M48	rewpiratory distress
M48	rexpiratory distress
M48	reapiratory distress
M48	redpiratory distress
M48	rerpiratory distress
M48	refpiratory distress
M48	revpiratory distress
M48	respiratory distress
M48	resliratory distress
M48	resoiratory distress
M48	res[iratory distress
M48	res'iratory distress
M48	resiiratory distress
M48	reskiratory distress
M48	respiratory distress
M48	respuratory distress
M48	resporatory distress
M48	respjratory distress
M48	resplratory distress
M48	respkratory distress
M48	respyratory distress
M48	resphratory distress
M48	respnratory distress
M48	respmratory distress
M48	resplratory distress
M48	resppratory distress
M48	respiratory distress
M48	respieatory distress
M48	respitatory distress
M48	respidatory distress
M48	respigatory distress
M48	respifatory distress
M48	respiwatory distress
M48	respisatory distress
M48	respixatory distress
M48	respicatory distress
M48	respivatory distress
M48	respigatory distress
M48	respitatory distress
M48	respiratory distress
M48	respirqtory distress
M48	respirstory distress
M48	respirztory distress
M48	respirwtory distress
M48	respirxtory distress
M48	respirwtory distress
M48	respirdtory distress
M48	respirctory distress
M48	respiretory distress
M48	respiratory distress
M48	respirarory distress
M48	respirayory distress
M48	respirafory distress
M48	respirahory distress
M48	respiragory distress
M48	respiraeory distress
M48	respiradory distress
M48	respiracory distress
M48	respiravory distress
M48	respirabory distress
M48	respiranory distress
M48	respirajory distress
M48	respirauory distress
M48	respiratory distress
M48	respiratiry distress
M48	respiratpry distress
M48	respiratkry distress
M48	respiratlry distress
M48	respiratury distress
M48	respiratjry distress
M48	respiratmry distress
M48	respiratory distress
M48	respiratoey distress
M48	respiratoty distress
M48	respiratody distress
M48	respiratogy distress
M48	respiratofy distress
M48	respiratowy distress
M48	respiratosy distress
M48	respiratoxy distress
M48	respiratocy distress
M48	respiratovy distress
M48	respiratogy distress
M48	respiratoty distress
M48	respiratory distress
M48	respiratort distress
M48	respiratoru distress
M48	respiratorg distress
M48	respiratorj distress
M48	respiratorh distress
M48	respiratorr distress
M48	respiratorf distress
M48	respiratorv distress
M48	respiratorb distress
M48	respiratorn distress
M48	respiratorj distress
M48	respiratori distress
M48	respiratory distress
M48	respiratory eistress
M48	respiratory cistress
M48	respiratory sistress
M48	respiratory fistress
M48	respiratory aistress
M48	respiratory qistress
M48	respiratory gistress
M48	respiratory bistress
M48	respiratory vistress
M48	respiratory distress
M48	respiratory dustress
M48	respiratory dostress
M48	respiratory djstress
M48	respiratory dlstress
M48	respiratory dkstress
M48	respiratory dystress
M48	respiratory dhstress
M48	respiratory dnstress
M48	respiratory dmstress
M48	respiratory dlstress
M48	respiratory dpstress
M48	respiratory distress
M48	respiratory diwtress
M48	respiratory dixtress
M48	respiratory diatress
M48	respiratory didtress
M48	respiratory dirtress
M48	respiratory diftress
M48	respiratory divtress
M48	respiratory distress
M48	respiratory disrress
M48	respiratory disyress
M48	respiratory disfress
M48	respiratory dishress
M48	respiratory disgress
M48	respiratory diseress
M48	respiratory disdress
M48	respiratory discress
M48	respiratory disvress
M48	respiratory disbress
M48	respiratory disnress
M48	respiratory disjress
M48	respiratory disuress
M48	respiratory distress
M48	respiratory disteess
M48	respiratory disttess
M48	respiratory distdess
M48	respiratory distgess
M48	respiratory distfess
M48	respiratory distwess
M48	respiratory distsess
M48	respiratory distxess
M48	respiratory distcess
M48	respiratory distvess
M48	respiratory distgess
M48	respiratory disttess
M48	respiratory distress
M48	respiratory distrwss
M48	respiratory distrrss
M48	respiratory distrsss
M48	respiratory distrfss
M48	respiratory distrdss
M48	respiratory distrqss
M48	respiratory distrass
M48	respiratory distrzss
M48	respiratory distrxss
M48	respiratory distrcss
M48	respiratory distrvss
M48	respiratory distrgss
M48	respiratory distrtss
M48	respiratory distress
M48	respiratory distrews
M48	respiratory distrexs
M48	respiratory distreas
M48	respiratory distreds
M48	respiratory distrers
M48	respiratory distrefs
M48	respiratory distrevs
M48	respiratory distress
M48	respiratory distresw
M48	respiratory distresx
M48	respiratory distresa
M48	respiratory distresd
M48	respiratory distresr
M48	respiratory distresf
M48	respiratory distresv
M49	afebrile
M49	qfebrile
M49	sfebrile
M49	zfebrile
M49	wfebrile
M49	xfebrile
M49	wfebrile
M49	dfebrile
M49	cfebrile
M49	efebrile
M49	afebrile
M49	adebrile
M49	agebrile
M49	arebrile
M49	avebrile
M49	awebrile
M49	asebrile
M49	axebrile
M49	ayebrile
M49	ahebrile
M49	anebrile
M49	afebrile
M49	afwbrile
M49	afrbrile
M49	afsbrile
M49	affbrile
M49	afdbrile
M49	afqbrile
M49	afabrile
M49	afzbrile
M49	afxbrile
M49	afcbrile
M49	afvbrile
M49	afgbrile
M49	aftbrile
M49	afebrile
M49	afevrile
M49	afenrile
M49	afegrile
M49	afehrile
M49	afecrile
M49	afefrile
M49	afetrile
M49	afeyrile
M49	afeurile
M49	afenrile
M49	afebrile
M49	afebeile
M49	afebtile
M49	afebdile
M49	afebgile
M49	afebfile
M49	afebwile
M49	afebsile
M49	afebxile
M49	afebcile
M49	afebvile
M49	afebgile
M49	afebtile
M49	afebrile
M49	afebrule
M49	afebrole
M49	afebrjle
M49	afebrlle
M49	afebrkle
M49	afebryle
M49	afebrhle
M49	afebrnle
M49	afebrmle
M49	afebrlle
M49	afebrple
M49	afebrile
M49	afebrioe
M49	afebrike
M49	afebrime
M49	afebripe
M49	afebriue
M49	afebrije
M49	afebrine
M49	afebrile
M49	afebrilw
M49	afebrilr
M49	afebrils
M49	afebrilf
M49	afebrild
M49	afebrilq
M49	afebrila
M49	afebrilz
M49	afebrilx
M49	afebrilc
M49	afebrilv
M49	afebrilg
M49	afebrilt
M50	depression
M50	eepression
M50	cepression
M50	sepression
M50	fepression
M50	aepression
M50	qepression
M50	gepression
M50	bepression
M50	vepression
M50	depression
M50	dwpression
M50	drpression
M50	dspression
M50	dfpression
M50	ddpression
M50	dqpression
M50	dapression
M50	dzpression
M50	dxpression
M50	dcpression
M50	dvpression
M50	dgpression
M50	dtpression
M50	depression
M50	delression
M50	deoression
M50	de[ression
M50	de'ression
M50	deiression
M50	dekression
M50	depression
M50	depeession
M50	deptession
M50	depdession
M50	depgession
M50	depfession
M50	depwession
M50	depsession
M50	depxession
M50	depcession
M50	depvession
M50	depgession
M50	deptession
M50	depression
M50	deprwssion
M50	deprrssion
M50	deprsssion
M50	deprfssion
M50	deprdssion
M50	deprqssion
M50	deprassion
M50	deprzssion
M50	deprxssion
M50	deprcssion
M50	deprvssion
M50	deprgssion
M50	deprtssion
M50	depression
M50	deprewsion
M50	deprexsion
M50	depreasion
M50	depredsion
M50	deprersion
M50	deprefsion
M50	deprevsion
M50	depression
M50	depreswion
M50	depresxion
M50	depresaion
M50	depresdion
M50	depresrion
M50	depresfion
M50	depresvion
M50	depression
M50	depressuon
M50	depressoon
M50	depressjon
M50	depresslon
M50	depresskon
M50	depressyon
M50	depresshon
M50	depressnon
M50	depressmon
M50	depresslon
M50	depresspon
M50	depression
M50	depressiin
M50	depressipn
M50	depressikn
M50	depressiln
M50	depressiun
M50	depressijn
M50	depressimn
M50	depression
M50	depressiob
M50	depressiom
M50	depressioh
M50	depressioj
M50	depressiov
M50	depressiog
M50	depressiot
M50	depressiou
M50	depressioi
M50	depressiok
M51	pruritis
M51	lruritis
M51	oruritis
M51	[ruritis
M51	'ruritis
M51	iruritis
M51	kruritis
M51	pruritis
M51	peuritis
M51	pturitis
M51	pduritis
M51	pguritis
M51	pfuritis
M51	pwuritis
M51	psuritis
M51	pxuritis
M51	pcuritis
M51	pvuritis
M51	pguritis
M51	pturitis
M51	pruritis
M51	pryritis
M51	priritis
M51	prhritis
M51	prkritis
M51	prjritis
M51	prtritis
M51	prgritis
M51	prbritis
M51	prnritis
M51	prmritis
M51	prlritis
M51	proritis
M51	pruritis
M51	prueitis
M51	prutitis
M51	pruditis
M51	prugitis
M51	prufitis
M51	pruwitis
M51	prusitis
M51	pruxitis
M51	prucitis
M51	pruvitis
M51	prugitis
M51	prutitis
M51	pruritis
M51	prurutis
M51	prurotis
M51	prurjtis
M51	prurltis
M51	prurktis
M51	prurytis
M51	prurhtis
M51	prurntis
M51	prurmtis
M51	prurltis
M51	prurptis
M51	pruritis
M51	pruriris
M51	pruriyis
M51	prurifis
M51	prurihis
M51	prurigis
M51	prurieis
M51	pruridis
M51	pruricis
M51	prurivis
M51	pruribis
M51	prurinis
M51	prurijis
M51	pruriuis
M51	pruritis
M51	pruritus
M51	pruritos
M51	pruritjs
M51	pruritls
M51	pruritks
M51	pruritys
M51	pruriths
M51	pruritns
M51	pruritms
M51	pruritls
M51	pruritps
M51	pruritis
M51	pruritiw
M51	pruritix
M51	pruritia
M51	pruritid
M51	pruritir
M51	pruritif
M51	pruritiv
M52	sulfonamide antibiotics
M52	wulfonamide antibiotics
M52	xulfonamide antibiotics
M52	aulfonamide antibiotics
M52	dulfonamide antibiotics
M52	rulfonamide antibiotics
M52	fulfonamide antibiotics
M52	vulfonamide antibiotics
M52	sulfonamide antibiotics
M52	sylfonamide antibiotics
M52	silfonamide antibiotics
M52	shlfonamide antibiotics
M52	sklfonamide antibiotics
M52	sjlfonamide antibiotics
M52	stlfonamide antibiotics
M52	sglfonamide antibiotics
M52	sblfonamide antibiotics
M52	snlfonamide antibiotics
M52	smlfonamide antibiotics
M52	sllfonamide antibiotics
M52	solfonamide antibiotics
M52	sulfonamide antibiotics
M52	suofonamide antibiotics
M52	sukfonamide antibiotics
M52	sumfonamide antibiotics
M52	supfonamide antibiotics
M52	suufonamide antibiotics
M52	sujfonamide antibiotics
M52	sunfonamide antibiotics
M52	sulfonamide antibiotics
M52	suldonamide antibiotics
M52	sulgonamide antibiotics
M52	sulronamide antibiotics
M52	sulvonamide antibiotics
M52	sulwonamide antibiotics
M52	sulsonamide antibiotics
M52	sulxonamide antibiotics
M52	sulyonamide antibiotics
M52	sulhonamide antibiotics
M52	sulnonamide antibiotics
M52	sulfonamide antibiotics
M52	sulfinamide antibiotics
M52	sulfpnamide antibiotics
M52	sulfknamide antibiotics
M52	sulflnamide antibiotics
M52	sulfunamide antibiotics
M52	sulfjnamide antibiotics
M52	sulfmnamide antibiotics
M52	sulfonamide antibiotics
M52	sulfobamide antibiotics
M52	sulfomamide antibiotics
M52	sulfohamide antibiotics
M52	sulfojamide antibiotics
M52	sulfovamide antibiotics
M52	sulfogamide antibiotics
M52	sulfotamide antibiotics
M52	sulfouamide antibiotics
M52	sulfoiamide antibiotics
M52	sulfokamide antibiotics
M52	sulfonamide antibiotics
M52	sulfonqmide antibiotics
M52	sulfonsmide antibiotics
M52	sulfonzmide antibiotics
M52	sulfonwmide antibiotics
M52	sulfonxmide antibiotics
M52	sulfonwmide antibiotics
M52	sulfondmide antibiotics
M52	sulfoncmide antibiotics
M52	sulfonemide antibiotics
M52	sulfonamide antibiotics
M52	sulfonanide antibiotics
M52	sulfonakide antibiotics
M52	sulfonajide antibiotics
M52	sulfonalide antibiotics
M52	sulfonaoide antibiotics
M52	sulfonaiide antibiotics
M52	sulfonakide antibiotics
M52	sulfonamide antibiotics
M52	sulfonamude antibiotics
M52	sulfonamode antibiotics
M52	sulfonamjde antibiotics
M52	sulfonamlde antibiotics
M52	sulfonamkde antibiotics
M52	sulfonamyde antibiotics
M52	sulfonamhde antibiotics
M52	sulfonamnde antibiotics
M52	sulfonammde antibiotics
M52	sulfonamlde antibiotics
M52	sulfonampde antibiotics
M52	sulfonamide antibiotics
M52	sulfonamiee antibiotics
M52	sulfonamice antibiotics
M52	sulfonamise antibiotics
M52	sulfonamife antibiotics
M52	sulfonamiae antibiotics
M52	sulfonamiqe antibiotics
M52	sulfonamige antibiotics
M52	sulfonamibe antibiotics
M52	sulfonamive antibiotics
M52	sulfonamide antibiotics
M52	sulfonamidw antibiotics
M52	sulfonamidr antibiotics
M52	sulfonamids antibiotics
M52	sulfonamidf antibiotics
M52	sulfonamidd antibiotics
M52	sulfonamidq antibiotics
M52	sulfonamida antibiotics
M52	sulfonamidz antibiotics
M52	sulfonamidx antibiotics
M52	sulfonamidc antibiotics
M52	sulfonamidv antibiotics
M52	sulfonamidg antibiotics
M52	sulfonamidt antibiotics
M52	sulfonamide antibiotics
M52	sulfonamide qntibiotics
M52	sulfonamide sntibiotics
M52	sulfonamide zntibiotics
M52	sulfonamide wntibiotics
M52	sulfonamide xntibiotics
M52	sulfonamide wntibiotics
M52	sulfonamide dntibiotics
M52	sulfonamide cntibiotics
M52	sulfonamide entibiotics
M52	sulfonamide antibiotics
M52	sulfonamide abtibiotics
M52	sulfonamide amtibiotics
M52	sulfonamide ahtibiotics
M52	sulfonamide ajtibiotics
M52	sulfonamide avtibiotics
M52	sulfonamide agtibiotics
M52	sulfonamide attibiotics
M52	sulfonamide autibiotics
M52	sulfonamide aitibiotics
M52	sulfonamide aktibiotics
M52	sulfonamide antibiotics
M52	sulfonamide anribiotics
M52	sulfonamide anyibiotics
M52	sulfonamide anfibiotics
M52	sulfonamide anhibiotics
M52	sulfonamide angibiotics
M52	sulfonamide aneibiotics
M52	sulfonamide andibiotics
M52	sulfonamide ancibiotics
M52	sulfonamide anvibiotics
M52	sulfonamide anbibiotics
M52	sulfonamide annibiotics
M52	sulfonamide anjibiotics
M52	sulfonamide anuibiotics
M52	sulfonamide antibiotics
M52	sulfonamide antubiotics
M52	sulfonamide antobiotics
M52	sulfonamide antjbiotics
M52	sulfonamide antlbiotics
M52	sulfonamide antkbiotics
M52	sulfonamide antybiotics
M52	sulfonamide anthbiotics
M52	sulfonamide antnbiotics
M52	sulfonamide antmbiotics
M52	sulfonamide antlbiotics
M52	sulfonamide antpbiotics
M52	sulfonamide antibiotics
M52	sulfonamide antiviotics
M52	sulfonamide antiniotics
M52	sulfonamide antigiotics
M52	sulfonamide antihiotics
M52	sulfonamide anticiotics
M52	sulfonamide antifiotics
M52	sulfonamide antitiotics
M52	sulfonamide antiyiotics
M52	sulfonamide antiuiotics
M52	sulfonamide antiniotics
M52	sulfonamide antibiotics
M52	sulfonamide antibuotics
M52	sulfonamide antibootics
M52	sulfonamide antibjotics
M52	sulfonamide antiblotics
M52	sulfonamide antibkotics
M52	sulfonamide antibyotics
M52	sulfonamide antibhotics
M52	sulfonamide antibnotics
M52	sulfonamide antibmotics
M52	sulfonamide antiblotics
M52	sulfonamide antibpotics
M52	sulfonamide antibiotics
M52	sulfonamide antibiitics
M52	sulfonamide antibiptics
M52	sulfonamide antibiktics
M52	sulfonamide antibiltics
M52	sulfonamide antibiutics
M52	sulfonamide antibijtics
M52	sulfonamide antibimtics
M52	sulfonamide antibiotics
M52	sulfonamide antibiorics
M52	sulfonamide antibioyics
M52	sulfonamide antibiofics
M52	sulfonamide antibiohics
M52	sulfonamide antibiogics
M52	sulfonamide antibioeics
M52	sulfonamide antibiodics
M52	sulfonamide antibiocics
M52	sulfonamide antibiovics
M52	sulfonamide antibiobics
M52	sulfonamide antibionics
M52	sulfonamide antibiojics
M52	sulfonamide antibiouics
M52	sulfonamide antibiotics
M52	sulfonamide antibiotucs
M52	sulfonamide antibiotocs
M52	sulfonamide antibiotjcs
M52	sulfonamide antibiotlcs
M52	sulfonamide antibiotkcs
M52	sulfonamide antibiotycs
M52	sulfonamide antibiothcs
M52	sulfonamide antibiotncs
M52	sulfonamide antibiotmcs
M52	sulfonamide antibiotlcs
M52	sulfonamide antibiotpcs
M52	sulfonamide antibiotics
M52	sulfonamide antibiotixs
M52	sulfonamide antibiotivs
M52	sulfonamide antibiotids
M52	sulfonamide antibiotifs
M52	sulfonamide antibiotizs
M52	sulfonamide antibiotiss
M52	sulfonamide antibiotiws
M52	sulfonamide antibioties
M52	sulfonamide antibiotirs
M52	sulfonamide antibiotigs
M52	sulfonamide antibiotibs
M52	sulfonamide antibiotics
M52	sulfonamide antibioticw
M52	sulfonamide antibioticx
M52	sulfonamide antibiotica
M52	sulfonamide antibioticd
M52	sulfonamide antibioticr
M52	sulfonamide antibioticf
M52	sulfonamide antibioticv
